{
    "model": {
        "sigma": 856.1359171788971,
        "n_symm": 12
    },
    "testing": {
        "n_test": 2500,
        "energy": {
            "mae": 0.01213157384059741,
            "rmse": 0.016854875098271622
        },
        "force": {
            "mae": 0.012749636008533566,
            "rmse": 0.019824152922081187
        }
    },
    "validation": {
        "sigmas": [ 2.0, 25.0, 50.0, 100.0, 200.0, 300.0, 400.0, 500.0, 700.0, 900.0, 1100.0, 902.1273044496436, 721.2158585654461, 1075.4266899765644, 1045.3909346196938, 1014.7999283154941, 981.5139775235903, 946.4527274014554, 856.1359171788971, 819.6799458916748, 777.0074577896789 ],
        "losses": [ 7.697854475477507e-05, 4.6451729480540474e-05, 4.6757068396438286e-05, 4.6674594798269334e-05, 4.51559980277177e-05, 4.1904076488447944e-05, 3.781289142734488e-05, 3.4220834615677935e-05, 3.0112788896829182e-05, 2.93114968152677e-05, 3.0155803627722783e-05, 2.9314933153019653e-05, 2.990532861568118e-05, 2.9994837587834124e-05, 2.9823021135633813e-05, 2.9662922464301202e-05, 2.9520682020892e-05, 2.9401991112148097e-05, 2.929939659725818e-05, 2.935931650352936e-05, 2.951828130375245e-05 ],
        "force": {
            "mae": [ 0.025406205358779674, 0.01862332068049132, 0.018696471661342792, 0.018663923614836896, 0.018246240477981075, 0.017409264110159802, 0.01635376596463833, 0.0153770501715586, 0.014095321410513666, 0.0136481650937892, 0.013628274072063745, 0.013646620613901048, 0.01401452372386189, 0.013617738230649235, 0.01361048142485979, 0.013605840701806938, 0.013607832372515992, 0.013618028827509274, 0.013694690202596173, 0.013752844774335622, 0.013845455770812995 ],
            "rmse": [ 0.03577064960169931, 0.0280564175799517, 0.02816131382049399, 0.028140757172313267, 0.02764832667031389, 0.026540524613511106, 0.025076967556054233, 0.02372175776044515, 0.022036139975727162, 0.0214974424759269, 0.021501021869534957, 0.021495690042388216, 0.021936756282686817, 0.02148259364330147, 0.021468569097677775, 0.02145828351410843, 0.021456857248595772, 0.021464926087571855, 0.021551511253810853, 0.021620131206804526, 0.02173052618416512 ]
        },
        "energy": {
            "mae": [ 0.018807305404904318, 0.01107100949761005, 0.011001345752385304, 0.010930339341532999, 0.010982339562115157, 0.011294332744488201, 0.011645498146106548, 0.011893649064157217, 0.012373370920038724, 0.013593894300727698, 0.01542001561402867, 0.013611367490884731, 0.012465824174883892, 0.015186308400407142, 0.01490525997619261, 0.014611867423271179, 0.014299816343816928, 0.013984338713911712, 0.01326162423810456, 0.013011464220857307, 0.012745814043948485 ],
            "rmse": [ 0.024275551562380197, 0.016493864722830466, 0.01642620451181983, 0.016370789049358524, 0.016394104094414275, 0.01664564174385767, 0.016960369473964787, 0.017200328135914388, 0.01770730155630794, 0.019071052768970226, 0.021149011516799557, 0.019091025575723314, 0.01780677756053417, 0.020870666141979917, 0.020536542138296306, 0.02020377756008954, 0.01985720599533903, 0.019506806230097547, 0.018696627953176684, 0.018414611297687497, 0.018122008600173645 ]
        },
        "idxs": [ 256, 1991, 1072, 3562, 1220, 2796, 1183, 610, 3316, 3626, 3806, 2509, 2617, 3082, 3396, 3407, 2270, 4980, 1645, 419, 3118, 3440, 1735, 800, 1708, 1023, 4095, 1113, 2884, 545, 396, 3632, 2417, 4071, 3356, 3989, 1025, 1665, 4968, 2134, 4077, 1565, 884, 2558, 3231, 162, 4308, 4775, 2351, 3238, 246, 2315, 3130, 4893, 2680, 4539, 3167, 3161, 775, 4269, 1935, 1461, 127, 1526, 4294, 903, 59, 4010, 4867, 2946, 1520, 3265, 3683, 4346, 1842, 4331, 4391, 4711, 725, 1638, 1892, 901, 1414, 4169, 4300, 3057, 4623, 4407, 1538, 3462, 3282, 3173, 1391, 935, 4215, 4373, 3136, 1077, 2834, 836, 4647, 4228, 215, 4102, 3418, 1909, 2349, 2479, 1851, 1465, 3337, 2348, 1510, 2817, 1789, 2548, 2597, 2239, 3157, 4532, 2931, 2188, 4147, 1094, 4462, 4106, 634, 3940, 3878, 3331, 4842, 3298, 4591, 3998, 247, 4914, 1620, 786, 3409, 4026, 203, 541, 3541, 947, 3349, 1714, 4831, 2249, 1383, 2840, 3301, 4141, 1323, 4030, 3961, 1795, 2023, 3333, 208, 4028, 558, 3728, 1867, 273, 499, 4612, 3753, 250, 848, 3643, 3114, 2874, 1955, 3248, 4250, 341, 2319, 2372, 2862, 96, 4691, 4392, 1106, 2816, 4425, 837, 756, 4136, 3815, 1331, 4260, 1905, 1111, 3110, 3329, 3755, 3584, 4109, 647, 616, 4205, 2124, 3654, 534, 1572, 2452, 2653, 2868, 4819, 3523, 750, 2699, 4396, 2674, 2526, 1831, 763, 39, 4281, 2488, 1594, 1303, 4438, 1570, 2358, 1403, 989, 276, 4930, 194, 418, 2419, 151, 3347, 4053, 177, 3912, 2433, 2581, 358, 3512, 332, 35, 3327, 352, 4170, 2237, 1173, 600, 4523, 3243, 4313, 1612, 1373, 4011, 2321, 120, 156, 4176, 2401, 1302, 46, 353, 1314, 1389, 1100, 2765, 2652, 835, 1085, 2463, 3987, 2781, 3003, 2296, 3682, 686, 4263, 3695, 62, 2988, 2586, 4999, 4783, 4437, 1397, 3070, 1884, 3297, 2285, 1959, 3227, 3447, 550, 4133, 3144, 1430, 101, 3568, 3210, 2060, 784, 3450, 3292, 104, 748, 3909, 2402, 1084, 24, 3997, 3015, 1979, 4723, 1765, 2442, 213, 886, 354, 4016, 2625, 731, 928, 792, 1412, 410, 1766, 4496, 3164, 3472, 2450, 1052, 3126, 1793, 2241, 3072, 1050, 2951, 1903, 195, 3732, 4236, 2364, 840, 608, 2459, 1035, 3026, 2830, 4617, 3669, 1493, 2122, 4551, 2939, 4006, 1799, 4861, 1899, 788, 1175, 4966, 1176, 197, 1674, 4796, 4319, 914, 2473, 4279, 314, 1787, 2294, 1343, 436, 791, 921, 61, 2989, 1498, 4067, 528, 1920, 4664, 2161, 670, 2701, 2306, 121, 3192, 4512, 1560, 3513, 4644, 2269, 3133, 2048, 1649, 3804, 2708, 3597, 1237, 3368, 3574, 2461, 2724, 1326, 3293, 3211, 885, 2869, 4311, 4235, 4554, 3304, 2172, 2672, 145, 4611, 4390, 4440, 3564, 3476, 1283, 829, 2539, 3684, 987, 3283, 4820, 4526, 2185, 2244, 2083, 4353, 1057, 4809, 3150, 4788, 3417, 3830, 942, 4049, 2719, 4418, 1369, 4370, 2341, 4117, 2824, 1981, 2003, 4681, 3289, 1557, 1333, 4374, 2089, 2398, 4577, 612, 1588, 3888, 1372, 4473, 4321, 1064, 3777, 3599, 4991, 854, 4367, 3478, 2553, 1133, 2344, 1377, 3485, 4817, 4902, 2386, 2135, 3712, 2513, 1487, 294, 3662, 785, 1149, 1132, 2867, 2286, 4720, 2636, 1575, 3592, 2964, 3746, 2108, 4580, 4082, 3196, 2520, 1252, 790, 3941, 1648, 855, 3454, 4401, 241, 1016, 641, 2599, 603, 93, 3614, 4227, 923, 363, 910, 6, 2230, 152, 1428, 289, 1803, 3891, 4858, 979, 3862, 2534, 1273, 2405, 1460, 4599, 4547, 3504, 1978, 4731, 3799, 1749, 1596, 787, 305, 4055, 4562, 1506, 2564, 3264, 1796, 853, 2035, 3691, 3291, 4712, 3087, 188, 123, 667, 3230, 3612, 3956, 153, 733, 4945, 87, 1336, 1890, 3360, 1082, 407, 4171, 1497, 1718, 1668, 4996, 333, 759, 838, 1605, 1995, 822, 264, 1054, 2757, 4301, 3449, 999, 180, 1236, 3366, 254, 1396, 1581, 1312, 1977, 343, 431, 2486, 3328, 4450, 4239, 2658, 1406, 4894, 4851, 3769, 2393, 3957, 3201, 2993, 2414, 4754, 1285, 825, 1477, 3788, 4047, 4662, 1368, 2718, 2970, 3762, 4622, 905, 4472, 2328, 1007, 4592, 802, 1342, 1872, 4244, 1146, 3362, 2288, 1484, 4059, 132, 488, 3242, 84, 1045, 3372, 135, 1282, 4696, 3901, 4262, 3721, 4669, 3284, 2171, 3142, 4922, 1573, 2316, 4088, 2220, 4099, 3399, 2336, 1051, 945, 2585, 2753, 3725, 3024, 4134, 4538, 2886, 2484, 4013, 4878, 1127, 4491, 167, 190, 4546, 3481, 4408, 50, 1010, 2495, 4953, 2576, 4724, 2590, 181, 1807, 1934, 1925, 690, 356, 1139, 1880, 3308, 29, 2711, 3808, 4469, 3103, 287, 2403, 1410, 1715, 4393, 1066, 4123, 2954, 4120, 3542, 17, 2994, 3646, 3215, 1151, 166, 1119, 219, 119, 4544, 34, 1663, 1140, 4598, 3737, 1854, 3109, 447, 183, 1012, 4445, 2367, 2187, 3914, 2609, 2320, 973, 876, 1204, 1968, 4146, 1130, 2738, 4504, 3473, 2823, 2695, 668, 3091, 1161, 2177, 4478, 2593, 3197, 1964, 3377, 1305, 1213, 3664, 4605, 1633, 3222, 492, 4913, 3743, 1438, 3509, 4158, 4145, 4140, 4303, 2696, 531, 453, 4677, 4899, 4735, 512, 549, 4810, 526, 4454, 2577, 1224, 633, 1043, 2542, 3421, 330, 4942, 3593, 4455, 4156, 3932, 3187, 4276, 694, 2603, 3263, 3962, 69, 4518, 3990, 3527, 4078, 4718, 1616, 4198, 2482, 4801, 2627, 3967, 3873, 4955, 2428, 14, 2114, 601, 1486, 1492, 1424, 2749, 3621, 173, 1478, 3260, 1664, 741, 2005, 3097, 1530, 1678, 4362, 2111, 