{
    "model": {
        "sigma": 418.03847924741547,
        "n_symm": 48
    },
    "testing": {
        "n_test": 2800,
        "energy": {
            "mae": 0.015173009710207614,
            "rmse": 0.02626728313861783
        },
        "force": {
            "mae": 0.027459787451400024,
            "rmse": 0.053537903049853126
        }
    },
    "validation": {
        "sigmas": [ 2.0, 25.0, 50.0, 100.0, 200.0, 300.0, 400.0, 500.0, 700.0, 900.0, 1100.0, 1500.0, 450.51856064436447, 402.6401937209247, 345.14578417388776, 476.43177153347165, 370.8173412276336, 429.2314059357102, 418.03847924741547, 439.8389713234687, 462.38462020952807, 412.1932934822926 ],
        "losses": [ 0.0011608516151848686, 0.0010323709750421062, 0.001026092972171576, 0.0009731274504868157, 0.0007461090288107432, 0.0005653388816738392, 0.0005029047737040513, 0.0005150911404839011, 0.0006132419051524189, 0.0007282442353021071, 0.0008551992828585756, 0.0011744590051915571, 0.000502984643525628, 0.0005024409838766507, 0.0005240224576797207, 0.0005081611695953286, 0.0005106894954800596, 0.0005011495755958122, 0.0005010683447310254, 0.0005017483934362198, 0.0005049972843673276, 0.0005014314625800453 ],
        "force": {
            "mae": [ 0.05777607679050651, 0.05223361985710396, 0.05185672114126663, 0.04921237516227041, 0.04098323899588662, 0.03474414554058521, 0.032344521291877315, 0.032641433595233874, 0.03594128127314153, 0.03994724035655639, 0.04460702272113186, 0.05615417006930984, 0.03227674984093262, 0.03232067318971559, 0.03319417693760812, 0.03242577581532673, 0.032670491024805855, 0.032241629272301765, 0.03225106709963734, 0.03224731338174163, 0.03233368500881856, 0.03227289328300365 ],
            "rmse": [ 0.10175303198170213, 0.09595482809151186, 0.09566055077352677, 0.0931420370378535, 0.08146834984238625, 0.07070120277956486, 0.06644318607048716, 0.0670786037739216, 0.07302932768808862, 0.07948751118741339, 0.08605898758937947, 0.1005023435599739, 0.06635514219561095, 0.06640697339049045, 0.0679519778613137, 0.0666568018976456, 0.06701989759422379, 0.06627065499927859, 0.06628568958612721, 0.06629133459470311, 0.06646969490817263, 0.0663213221898012 ]
        },
        "energy": {
            "mae": [ 0.016909715829588435, 0.015252225760746228, 0.015196135037203476, 0.014901544257910246, 0.013888182919432439, 0.015609833970756881, 0.018276424496023538, 0.021148441001158064, 0.02659639768519628, 0.031427473035331784, 0.03569794443322826, 0.048084985166391564, 0.019694153425687547, 0.018348711410708346, 0.016815645665683405, 0.02045386976302325, 0.017500742110965802, 0.019062258487840152, 0.018758757203981076, 0.019378376397162354, 0.020032067238444144, 0.01859773849263365 ],
            "rmse": [ 0.03231529035998676, 0.030552276021301682, 0.030531545662676872, 0.03031464457622753, 0.029418292354560036, 0.0315154037447303, 0.03518932731810785, 0.038913176873699204, 0.045447704232146925, 0.051200443026489954, 0.05682763420283515, 0.07221957149915856, 0.03709700436107467, 0.03528971206780135, 0.03312112851221157, 0.038052783098099, 0.03408140349553503, 0.036293015295095286, 0.035873614362836516, 0.03669612431535153, 0.03752853997225135, 0.03564725113556614 ]
        },
        "idxs": [ 1023, 891, 3803, 2995, 1151, 2911, 3810, 998, 3385, 1262, 1129, 4950, 3943, 247, 1584, 3088, 4884, 201, 1977, 576, 1272, 820, 1178, 1162, 2949, 2191, 2233, 1291, 751, 3043, 2697, 2026, 1274, 2107, 3256, 3285, 2698, 2157, 3486, 637, 4788, 1620, 1233, 82, 1157, 4842, 1144, 3367, 816, 3691, 1562, 36, 1315, 2939, 2858, 2719, 2357, 3876, 2116, 3183, 4869, 101, 805, 2891, 4976, 322, 3666, 1360, 4280, 4925, 1081, 1342, 1015, 1295, 3657, 2890, 1059, 3377, 1999, 2951, 3271, 2167, 70, 3210, 3986, 1140, 94, 3626, 242, 4657, 3957, 3400, 2474, 3688, 4414, 4371, 3242, 1132, 74, 455, 3219, 2366, 1127, 857, 3059, 4084, 3152, 2193, 153, 279, 3076, 3617, 781, 960, 3555, 1345, 4917, 1117, 3891, 1705, 1592, 500, 2072, 3636, 4588, 3141, 71, 4856, 2011, 3239, 3254, 4822, 3829, 4868, 2844, 2296, 4693, 3131, 4137, 2596, 2374, 2658, 3670, 4224, 2542, 483, 1026, 3796, 652, 3093, 206, 1519, 265, 3153, 4263, 1778, 2040, 2515, 2684, 2569, 3322, 926, 675, 3815, 4977, 156, 3269, 1521, 2265, 554, 628, 775, 670, 603, 3252, 2293, 2835, 1005, 3761, 2000, 188, 2053, 3221, 1780, 4878, 588, 1572, 801, 160, 2364, 4286, 771, 1846, 3137, 3267, 4880, 3192, 3915, 1038, 1470, 2771, 1986, 2322, 2863, 3665, 2106, 506, 4067, 2291, 1050, 3459, 2588, 1751, 1411, 3079, 2732, 3264, 4237, 4195, 2929, 1027, 2303, 2646, 4606, 2387, 3111, 3409, 768, 4702, 4676, 2315, 1913, 2254, 342, 1, 1987, 3707, 1688, 11, 3696, 2145, 429, 4934, 1463, 3058, 4285, 4269, 4208, 405, 3396, 3017, 4276, 441, 763, 4384, 2866, 3492, 548, 2886, 4813, 3539, 3336, 733, 4575, 3569, 4529, 3560, 275, 2847, 1647, 3526, 1237, 1947, 563, 1844, 2032, 2862, 2022, 1270, 3729, 1123, 1750, 4932, 954, 3639, 1762, 1789, 4979, 1690, 2468, 2352, 2584, 3449, 579, 4789, 1559, 3566, 684, 3215, 4430, 92, 356, 2851, 798, 2925, 1930, 3732, 3178, 3416, 3862, 3968, 1358, 728, 2267, 2777, 1600, 438, 2883, 530, 2830, 3824, 3880, 4219, 2153, 4835, 3290, 260, 2982, 2837, 1279, 1884, 1390, 2582, 324, 1971, 2264, 1250, 337, 3315, 2377, 103, 3818, 1668, 2860, 685, 2694, 623, 936, 1002, 2260, 1460, 1197, 4412, 3582, 3913, 986, 2937, 909, 3616, 1948, 571, 2100, 2480, 2738, 2894, 633, 3720, 4993, 4913, 3476, 4848, 1302, 2113, 1952, 3704, 3423, 1154, 3411, 1745, 953, 30, 4748, 4176, 3914, 2993, 2541, 298, 4188, 381, 1397, 894, 108, 1496, 4184, 3031, 3734, 4236, 3678, 3205, 1158, 4160, 630, 331, 2832, 545, 1249, 635, 3958, 3318, 2764, 1257, 797, 477, 3161, 3558, 4473, 800, 4243, 3053, 3013, 4765, 1248, 2413, 2433, 4230, 4169, 3298, 2041, 3191, 3932, 957, 2085, 4005, 4109, 607, 454, 2458, 4563, 2743, 4099, 2828, 1205, 3228, 1715, 2396, 1670, 1920, 648, 3718, 2421, 2715, 4539, 72, 1609, 2340, 2176, 3662, 4576, 1673, 1396, 1682, 4476, 881, 1319, 4653, 1138, 1361, 645, 2652, 1308, 3959, 1571, 3063, 3712, 2159, 2251, 194, 503, 725, 83, 4421, 2693, 3973, 297, 1298, 2613, 3010, 4526, 3108, 4530, 3464, 4554, 697, 2046, 3418, 473, 428, 1888, 2316, 901, 204, 641, 120, 3327, 1236, 451, 4066, 450, 1366, 4239, 4426, 4012, 4667, 207, 4346, 718, 98, 4216, 4175, 3014, 4865, 1480, 3299, 2411, 3574, 4912, 4150, 4634, 479, 2283, 1224, 243, 1594, 943, 296, 2609, 3634, 1167, 2567, 1108, 303, 1419, 3996, 2968, 4854, 2330, 2635, 2309, 2058, 4122, 4641, 4716, 1636, 2438, 1611, 3889, 749, 3731, 4516, 717, 2318, 3673, 1645, 1900, 2852, 378, 117, 3454, 2099, 2510, 175, 4233, 1864, 419, 776, 1837, 4330, 4923, 3126, 2945, 1271, 4133, 3905, 2305, 2660, 218, 4445, 3483, 4080, 2281, 1809, 148, 3965, 657, 3946, 2655, 3782, 1100, 1092, 3428, 3650, 3427, 3372, 1738, 2375, 3323, 2705, 289, 2236, 2008, 897, 413, 1426, 1143, 3038, 1662, 4345, 3549, 2992, 4004, 4996, 1658, 1879, 3251, 118, 1367, 687, 4127, 3826, 1121, 4574, 2704, 2927, 930, 1944, 625, 2445, 3864, 3606, 1478, 4403, 395, 362, 1602, 2606, 1202, 1713, 3083, 539, 3584, 4573, 176, 2661, 626, 1006, 4570, 2668, 910, 75, 2663, 2088, 1076, 1451, 2263, 4807, 827, 2970, 2712, 3615, 2096, 4194, 3668, 4278, 1022, 1348, 4063, 3967, 4990, 742, 2934, 1008, 3097, 1508, 501, 1660, 2285, 3134, 3887, 4380, 4041, 1811, 4003, 3001, 1850, 365, 3036, 40, 232, 280, 4771, 3138, 2423, 888, 462, 4538, 1870, 383, 2620, 2814, 2347, 386, 3751, 67, 1851, 2895, 4006, 2872, 1960, 1548, 4927, 185, 3726, 4438, 3132, 1746, 1226, 3931, 1908, 299, 1860, 1041, 1525, 822, 555, 1564, 2538, 2213, 2414, 394, 2244, 2964, 186, 756, 2745, 883, 918, 3875, 2728, 3725, 2752, 4888, 4123, 3776, 2817, 3633, 3516, 1587, 2887, 4887, 865, 2730, 1457, 274, 1405, 3077, 4773, 678, 4458, 1622, 1131, 2432, 2017, 2397, 1623, 3541, 3504, 4735, 436, 1878, 4071, 3015, 2087, 1212, 587, 245, 1515, 4872, 2021, 4752, 1394, 636, 595, 2676, 2509, 1163, 3329, 4629, 3882, 1989, 2991, 4336, 2822, 4457, 3026, 1764, 3512, 4494, 1796, 3328, 2762, 772, 2522, 4987, 662, 2500, 1686, 411, 494, 456, 1385, 2574, 852, 3426, 2610, 2329, 1907, 