{
    "model": {
        "sigma": 414.20928187891013,
        "n_symm": 72
    },
    "testing": {
        "n_test": 6883,
        "energy": {
            "mae": 0.047490393794925735,
            "rmse": 0.06114702354034551
        },
        "force": {
            "mae": 0.05583451228162634,
            "rmse": 0.10008737899598615
        }
    },
    "validation": {
        "sigmas": [ 2.0, 25.0, 50.0, 100.0, 200.0, 300.0, 400.0, 500.0, 700.0, 900.0, 1100.0, 1500.0, 451.4404922293676, 401.5843894744996, 342.4364649610869, 475.84531515877177, 369.3177867733142, 426.85890888579786, 414.20928187891013, 385.31970888155956, 436.93185914295054, 407.86705041161485 ],
        "losses": [ 0.0017166543222810265, 0.0013930025555276922, 0.0013865988870978804, 0.001339756557768757, 0.001158623364438246, 0.0010184096517951984, 0.0009523171377715947, 0.0010077227931657522, 0.0015445822973652002, 0.002515798765297333, 0.004087267656972203, 0.010709129368532234, 0.0009637361962266594, 0.0009519316482762383, 0.0009788523376457285, 0.0009814412077028978, 0.0009616520370765029, 0.0009535950668555933, 0.0009518570389719088, 0.0009552025982031093, 0.0009566953982410003, 0.0009518692479225931 ],
        "force": {
            "mae": [ 0.08958306985613342, 0.07173308381332148, 0.07142647309929771, 0.06971911663247259, 0.06453532369330535, 0.06015518174715794, 0.05800515615404589, 0.05882448424187277, 0.06928358085424628, 0.08544088420682594, 0.1023523113938832, 0.14014859753180237, 0.05801531569866686, 0.057980991126309805, 0.05892619134195816, 0.05831675144786313, 0.05837988514519859, 0.05789941163771735, 0.05792083385684393, 0.05814088610936266, 0.05791428186645639, 0.057947784223442635 ],
            "rmse": [ 0.1430568158912986, 0.12884117605797396, 0.1285462013043654, 0.1263415794321467, 0.11734944369680048, 0.10962379238077488, 0.10495004727690875, 0.10575800699780569, 0.12301415331869017, 0.14959432857039848, 0.17853520545442392, 0.24021489819566497, 0.1046045250072504, 0.10489352280388267, 0.10713123727871973, 0.1049912559883095, 0.10589255740657273, 0.10454956673782505, 0.10468163385386703, 0.1053219197731657, 0.10452258798903286, 0.10478408712022792 ]
        },
        "energy": {
            "mae": [ 0.02406013854550187, 0.022709612005231066, 0.022683742694182, 0.02298077081214433, 0.02550568546029899, 0.031532667328006934, 0.04467585015113582, 0.06716279095719802, 0.1333147417775326, 0.1944893825750187, 0.27991934490970743, 0.5557151066421356, 0.055448005710844885, 0.04521426870730647, 0.03601773192625842, 0.0611065787775442, 0.039607261701501556, 0.05010257035511313, 0.0475924220821762, 0.04223736536523211, 0.052265924856576024, 0.04649038465063495 ],
            "rmse": [ 0.03349120461845394, 0.031088853620237254, 0.03096513838067658, 0.03094134232916305, 0.033240090918248165, 0.041184540546094064, 0.0586865423126514, 0.0869826359032417, 0.16838709500404594, 0.2551326786063096, 0.37828992735965844, 0.7681490475337079, 0.07203747304513572, 0.05919801890732256, 0.0473573340746881, 0.07927434738678288, 0.05216885491792766, 0.06535345548121292, 0.06218520733447696, 0.05550708616415261, 0.06803022483713209, 0.0607402983646773 ]
        },
        "idxs": [ 7744, 3615, 2106, 4684, 3678, 7650, 6049, 8563, 6200, 4351, 7746, 560, 8394, 5158, 713, 1082, 6104, 6304, 1954, 6265, 6226, 350, 666, 3307, 166, 8640, 717, 8259, 810, 8564, 7224, 1984, 234, 820, 9075, 9236, 1000, 310, 4823, 1716, 6068, 7589, 1907, 1333, 5193, 67, 720, 8154, 3982, 4703, 2414, 4536, 3235, 3767, 549, 4369, 5989, 2332, 3412, 2953, 5926, 4377, 2939, 8971, 7017, 1996, 88, 6907, 1167, 572, 8537, 7740, 2183, 894, 7233, 6910, 5141, 545, 8217, 7492, 7142, 4096, 6551, 5443, 5484, 9053, 9178, 1659, 8511, 1447, 4281, 3019, 4077, 4008, 4830, 291, 6875, 499, 5941, 9037, 8287, 7021, 5448, 7143, 8592, 7622, 838, 2231, 6700, 3292, 1968, 870, 6682, 1833, 3246, 161, 6216, 602, 4784, 6274, 3133, 7825, 5396, 6709, 1039, 3937, 1100, 140, 5022, 6588, 1387, 5653, 1026, 4875, 3097, 6757, 2789, 4988, 3339, 1625, 6969, 8123, 6732, 5132, 5463, 3793, 5298, 6291, 1657, 141, 7588, 2550, 5464, 5543, 2214, 3495, 6839, 5897, 2579, 1600, 8919, 1524, 4940, 3766, 614, 5680, 5548, 3104, 5952, 7150, 127, 7440, 756, 5010, 3903, 504, 5352, 5400, 1753, 6798, 6630, 425, 8535, 4658, 1993, 4128, 1990, 4315, 5757, 7879, 2453, 6753, 1310, 2951, 8483, 948, 2570, 476, 9172, 3433, 4978, 556, 8573, 4382, 678, 8336, 1725, 8777, 7689, 3785, 9059, 2934, 4151, 434, 2669, 6374, 6159, 7887, 7786, 6928, 3227, 2464, 8144, 8528, 618, 36, 7308, 4576, 5080, 1357, 5332, 5682, 5221, 8581, 4250, 936, 5323, 2936, 6358, 2794, 8027, 5365, 7361, 7725, 6527, 4265, 16, 1331, 1316, 774, 1229, 5683, 4840, 1813, 1350, 6414, 6794, 7670, 2137, 7699, 6855, 3089, 272, 6357, 2802, 7447, 1079, 5797, 101, 5879, 4356, 266, 6006, 4238, 4091, 9081, 868, 6086, 194, 579, 7735, 4274, 1287, 6566, 5769, 1166, 1451, 4731, 2452, 7256, 4785, 7889, 5575, 1379, 5280, 8178, 1614, 8653, 877, 1247, 2490, 562, 7732, 3155, 7084, 6105, 1085, 3045, 5135, 5643, 7213, 925, 1825, 4192, 938, 1975, 4144, 5617, 8148, 481, 6082, 4431, 5783, 7876, 7584, 4704, 6516, 2211, 1930, 3042, 4418, 319, 3445, 6302, 393, 7134, 6747, 1389, 804, 92, 4070, 6218, 5726, 8668, 695, 7728, 7107, 6272, 7806, 6100, 3568, 5013, 4876, 8764, 6227, 8737, 4676, 7316, 2362, 8377, 8283, 6432, 6240, 6835, 7419, 5703, 2955, 524, 4186, 2382, 9122, 4364, 1772, 8956, 9271, 5260, 6780, 4002, 1289, 480, 9001, 7875, 3448, 2225, 1791, 8542, 6871, 268, 1104, 3714, 8295, 7840, 7608, 513, 3083, 9009, 8401, 363, 8323, 2286, 7705, 59, 81, 7232, 4286, 5723, 1523, 8278, 4176, 7629, 5161, 4395, 4486, 7516, 9027, 2631, 1846, 7483, 530, 4862, 8019, 7411, 7100, 1616, 5693, 4487, 3910, 8840, 3250, 7199, 2981, 6935, 2266, 6813, 4972, 5491, 7517, 4946, 1798, 3676, 3582, 1595, 7005, 4858, 4565, 31, 4709, 6978, 8635, 4656, 4853, 6993, 3851, 1416, 2513, 7476, 1489, 8701, 5956, 296, 1531, 4929, 6902, 6570, 6826, 3613, 4481, 607, 7349, 4990, 6296, 1714, 8004, 954, 1408, 3170, 9047, 5728, 1913, 6891, 2498, 770, 4443, 7603, 109, 1023, 998, 5716, 888, 1735, 4582, 4747, 1734, 747, 6874, 3200, 8631, 5730, 2043, 292, 4010, 2345, 596, 1555, 1599, 3833, 5629, 2519, 8404, 5699, 7978, 14, 8267, 5764, 5347, 2735, 5508, 7415, 2648, 1755, 1938, 7138, 5182, 3395, 97, 699, 7352, 3036, 387, 3437, 4695, 1610, 6348, 9239, 5721, 1476, 8904, 4831, 4632, 5145, 7851, 8078, 6063, 4870, 801, 7944, 2854, 22, 43, 1472, 4893, 985, 5223, 493, 3950, 6359, 5391, 9270, 7177, 6760, 895, 5405, 2067, 1986, 7679, 3658, 5375, 5257, 6720, 3033, 3504, 2300, 4910, 4543, 4437, 8918, 3712, 4371, 738, 1069, 1510, 3668, 2532, 616, 6087, 2448, 7828, 1683, 605, 8304, 1164, 4232, 1512, 1811, 4278, 4537, 1385, 7973, 8161, 3617, 6931, 4403, 3618, 317, 1057, 7126, 8275, 862, 8212, 1787, 9045, 6149, 7046, 6743, 6713, 4887, 3887, 4613, 1355, 1363, 2017, 4756, 2535, 3583, 7331, 4789, 3795, 9230, 8574, 351, 2556, 1688, 2616, 3773, 6044, 7463, 8794, 1969, 3521, 6860, 3805, 5820, 1867, 3576, 6571, 1071, 3098, 8887, 2698, 637, 2392, 4675, 5981, 5046, 3167, 724, 6569, 3008, 2772, 1033, 5153, 5403, 4033, 775, 5843, 80, 8771, 1891, 8170, 961, 454, 5689, 7320, 7383, 4124, 944, 2141, 8221, 567, 7551, 700, 7591, 1040, 4975, 3800, 5107, 2660, 975, 392, 1745, 4268, 4078, 3724, 3298, 4496, 2925, 4500, 2651, 8046, 5005, 390, 4204, 8298, 8415, 6256, 4515, 6388, 7635, 1480, 2602, 9154, 1805, 7558, 2003, 6735, 3121, 2515, 3228, 7006, 2245, 7535, 5908, 8814, 2622, 3286, 7146, 6576, 8680, 937, 5201, 8237, 4575, 8978, 6644, 8914, 5640, 5480, 6960, 6203, 5736, 8561, 943, 3797, 1766, 9188, 3890, 4667, 4668, 4782, 4236, 2403, 2842, 5946, 5591, 6252, 3620, 429, 1031, 6305, 2924, 1724, 4498, 5035, 6222, 1956, 9127, 1721, 9077, 1500, 3500, 7922, 2208, 4066, 2710, 7149, 759, 1648, 6620, 3020, 7090, 2283, 8326, 1634, 5189, 5247, 5918, 7375, 8889, 3403, 180, 3100, 4389, 8776, 6012, 8392, 4245, 2975, 5779, 6306, 8638, 6371, 7882, 8262, 6767, 1051, 2500, 2727, 2336, 3803, 893, 6651, 1044, 8447, 6017, 1265, 4165, 415, 1573, 8793, 7601, 