E_unit,R_unit,E_mae,E_rmse,E_sse,E_max_abs_err,F_mae,F_rmse,F_sse,F_max_abs_err
kcal/mol,Angstrom,0.02506978376958404,0.03527924225970565,2.4892498688380016,0.2128455575090322,0.03740975023126092,0.05895916932817075,187.71391698486732,0.5772845682899864
