dset_key                        ,group_key ,E_unit   ,R_unit   ,E_mae               ,E_rmse              ,E_sse               ,E_max_abs_err       ,F_mae              ,F_rmse             ,F_sse               ,F_max_abs_err       ,time
isomers/mecn-malloum.etal.exdir ,4mecn     ,kcal/mol ,Angstrom , 1.6572404955513775 , 1.706216243664477  , 17.467043220867108 , 2.3782900651567616 ,0.3015061653984716 ,0.5226365434149896 , 118.00034921351589 , 2.9583386544441588 ,3.929651975631714
isomers/mecn-malloum.etal.exdir ,5mecn     ,kcal/mol ,Angstrom , 2.084387901992373  , 2.1916866403250483 , 81.65933559944807  , 3.417271273850929  ,0.4105726179348722 ,0.6356852642072656 , 618.2665053492995  , 3.538621004874962  ,5.645268440246582
isomers/mecn-malloum.etal.exdir ,6mecn     ,kcal/mol ,Angstrom , 2.9068730137543755 , 3.086253460257584  ,190.49920841903824  , 5.304312213556841  ,0.4953053983027807 ,0.7392649616037879 ,1180.4673962629079  , 4.460747232999495  ,8.58254861831665
isomers/16mecn-remya.etal.exdir ,          ,kcal/mol ,Angstrom ,28.558865528786555  ,28.558865528786555  ,815.608800291313    ,28.558865528786555  ,1.0106972582906726 ,2.029613473888864  ,1186.367285776672   ,10.933201544268094  ,2.568599224090576
