dset_key                        ,group_key ,E_unit   ,R_unit   ,E_mae               ,E_rmse              ,E_sse               ,E_max_abs_err       ,F_mae               ,F_rmse             ,F_sse               ,F_max_abs_err       ,time
isomers/mecn-malloum.etal.exdir ,4mecn     ,kcal/mol ,Angstrom , 1.671100880417119  , 1.7210782042350166 , 17.772661110556975 , 2.385216891649179  ,0.30621615939086516 ,0.5298167599364001 , 121.26490521530614 , 2.9852918589811566 ,3.8466265201568604
isomers/mecn-malloum.etal.exdir ,5mecn     ,kcal/mol ,Angstrom , 2.116179619028973  , 2.2230144092461313 , 84.01048208317071  , 3.4198918861802667 ,0.4148294022779031  ,0.6432558711708133 , 633.0805171674547  , 3.6029822180600384 ,5.106471538543701
isomers/mecn-malloum.etal.exdir ,6mecn     ,kcal/mol ,Angstrom , 2.9701832520891913 , 3.144481693497355  ,197.75530241479987  , 5.371331470028963  ,0.5019911329264646  ,0.7501986473528773 ,1215.6437026585877  , 4.507081462206621  ,8.04386305809021
isomers/16mecn-remya.etal.exdir ,          ,kcal/mol ,Angstrom ,28.51023058523424   ,28.51023058523424   ,812.8332480232259   ,28.51023058523424   ,1.0328266725635045  ,2.0728529870763324 ,1237.455217737007   ,11.195926373941015  ,2.381075859069824
