{
    "model": {
        "sigma": 443.7207081379389,
        "n_symm": 48
    },
    "testing": {
        "n_test": 2300,
        "energy": {
            "mae": 0.007124820307457728,
            "rmse": 0.01023259818374594
        },
        "force": {
            "mae": 0.011576371648600392,
            "rmse": 0.01735417472123305
        }
    },
    "validation": {
        "sigmas": [ 2.0, 25.0, 50.0, 100.0, 200.0, 300.0, 400.0, 500.0, 700.0, 900.0, 1100.0, 1500.0, 387.06374358674964, 481.39659455445417, 401.5893134557714, 328.8647452076233, 357.00564211923677, 443.7207081379389, 425.014209201266, 462.52771851682047, 314.25455381793716, 371.1301466249309 ],
        "losses": [ 0.001140174743642688, 0.00024250801983161248, 0.00023645538107136318, 0.00019593647448934288, 9.205502817323421e-05, 5.023192896003176e-05, 3.9578859841611465e-05, 4.0265585741823244e-05, 5.688667761329718e-05, 8.331625816885131e-05, 0.00011318523278762688, 0.00017734956936852155, 4.0139419905580924e-05, 3.95747717854504e-05, 3.951383493599483e-05, 4.5340321978307104e-05, 4.21778650946576e-05, 3.894792090108617e-05, 3.900791208149405e-05, 3.9129415941601404e-05, 4.760423112008451e-05, 4.108386799267477e-05 ],
        "force": {
            "mae": [ 0.07376928021903138, 0.03088871650131442, 0.030472134905242237, 0.027533248768755954, 0.01865311883199069, 0.013849311854024915, 0.012332806458853174, 0.012369716097217296, 0.014597473457979567, 0.017644951564459013, 0.020578913665269424, 0.025866055810403965, 0.012425683727027622, 0.012272107523821869, 0.012324048622318116, 0.013190694611096926, 0.012736917997069941, 0.012209706023566956, 0.012237176705227908, 0.012218526592826677, 0.013499491907400062, 0.0125736405397145 ],
            "rmse": [ 0.10113647272694867, 0.04662661241675559, 0.04603967090038823, 0.041898633199419416, 0.028665570884481014, 0.021087783864302472, 0.018626751933380998, 0.018698790318234623, 0.022053426021952136, 0.02661247270519693, 0.030989067682312316, 0.038755310068237264, 0.018771582572916792, 0.01855352936924854, 0.018613300532987768, 0.020007352135165003, 0.01927087172833877, 0.018440535101133505, 0.018474679620106186, 0.018465396252305234, 0.02051399754875571, 0.019005741854140362 ]
        },
        "energy": {
            "mae": [ 0.0149947091481562, 0.0066617440633147, 0.006626225194930157, 0.0064239846250420665, 0.005940849688067828, 0.006297688564878627, 0.007198525737072486, 0.00853547907855318, 0.012192971248612594, 0.015490047422248607, 0.01836219381715273, 0.023967861955101397, 0.007016931389185629, 0.008248949062257453, 0.007138448031899315, 0.0064807935136741435, 0.006707793976205721, 0.00769643460842417, 0.0073843882671026225, 0.00797444336562694, 0.006422525610400044, 0.006854055206229532 ],
            "rmse": [ 0.019144647391013243, 0.00973606869221957, 0.009687983981438268, 0.009388412730947279, 0.008679669365120105, 0.009063193165981353, 0.010140047658659888, 0.011900285856092483, 0.01687420754154402, 0.021505198346965713, 0.025461251446442748, 0.03234743091833505, 0.009934489227151426, 0.011517857639087328, 0.010093759178946364, 0.009290830810997571, 0.00956515010152998, 0.010789888936529945, 0.010412290637019988, 0.011152421122172167, 0.009197816558778955, 0.009739146955486309 ]
        },
        "idxs": [ 3479, 247, 201, 1977, 576, 1215, 2910, 2157, 2904, 4788, 4638, 36, 3213, 3280, 2357, 2719, 3763, 3183, 101, 1207, 3260, 3104, 1195, 1295, 1194, 1168, 1036, 1140, 3977, 1321, 3400, 1057, 3688, 105, 1132, 3998, 3242, 4337, 1477, 1748, 4595, 4971, 373, 528, 153, 2193, 795, 3076, 2185, 3617, 4839, 781, 4917, 4191, 1705, 4750, 1345, 4588, 4393, 3525, 2011, 1988, 4856, 580, 3988, 281, 3131, 4822, 4442, 1340, 1276, 1320, 1889, 4224, 2706, 2596, 2900, 3093, 2374, 4589, 4054, 3670, 4137, 830, 3753, 320, 4212, 745, 4418, 3021, 2048, 762, 1778, 2515, 2569, 926, 4475, 1053, 2624, 4580, 3269, 3227, 4977, 317, 3815, 156, 3580, 774, 2293, 817, 1071, 2896, 3761, 4878, 3783, 3221, 4663, 3961, 2785, 1289, 2322, 1986, 69, 1822, 2106, 2424, 2863, 295, 375, 1470, 492, 4121, 3137, 2771, 4730, 4258, 3551, 4286, 4126, 1751, 2292, 3079, 1635, 2732, 3459, 1411, 4119, 2291, 1482, 506, 568, 498, 292, 4067, 4195, 3112, 1452, 1240, 3111, 1, 2784, 1481, 4606, 952, 3756, 214, 429, 342, 2451, 995, 2857, 3409, 1134, 4673, 836, 1688, 4900, 621, 104, 11, 1463, 1173, 4997, 3492, 3962, 1012, 1018, 1389, 548, 859, 733, 1445, 872, 2476, 4384, 4208, 4575, 441, 2886, 556, 563, 1074, 911, 1237, 1750, 3729, 3963, 3008, 2032, 3200, 1762, 3639, 4979, 1647, 2468, 4032, 1891, 4492, 4889, 1336, 3630, 1695, 1690, 4264, 1033, 438, 3416, 4419, 2851, 3518, 2267, 3862, 92, 356, 2031, 1078, 3348, 2584, 1317, 584, 2777, 570, 4789, 88, 2389, 262, 1759, 898, 344, 1861, 3934, 4335, 1559, 4040, 2051, 3824, 2352, 329, 1035, 2572, 1467, 2587, 3514, 3713, 2937, 1830, 2860, 2972, 3654, 2043, 2794, 1390, 2628, 1250, 158, 4412, 832, 1563, 4082, 2386, 2361, 1460, 3109, 3364, 3315, 1003, 131, 4392, 2694, 3012, 2918, 2260, 3582, 4734, 1203, 459, 3979, 909, 936, 2065, 4941, 851, 4664, 3970, 3491, 163, 1158, 1489, 575, 2393, 3548, 3173, 1606, 4993, 1256, 2629, 2480, 2113, 4076, 4995, 4913, 1639, 853, 4703, 3766, 1422, 2506, 2541, 2739, 381, 3757, 1856, 2917, 633, 4936, 1397, 3476, 2454, 4600, 30, 569, 4738, 3274, 597, 1154, 4207, 571, 2171, 1485, 2744, 1361, 1583, 4169, 4243, 4576, 4476, 330, 1341, 2363, 3332, 4060, 2855, 1928, 1770, 4141, 2614, 4473, 2124, 4964, 1670, 2319, 4165, 3161, 4765, 2041, 1905, 3806, 2798, 130, 4539, 1775, 4736, 3474, 64, 1570, 2734, 1946, 1673, 1940, 2298, 1920, 1655, 2973, 4334, 1886, 2652, 1574, 4648, 3298, 3789, 2764, 2085, 3053, 1293, 846, 2250, 2618, 1319, 2913, 2458, 2340, 753, 3558, 3958, 4242, 3843, 3318, 1852, 607, 1205, 1307, 4716, 1236, 2889, 3574, 120, 3850, 943, 2573, 297, 2545, 4634, 642, 98, 54, 491, 2251, 4801, 1697, 906, 4095, 1936, 1472, 2519, 451, 3911, 4346, 1308, 1692, 3052, 1108, 3814, 3418, 3314, 2609, 2412, 1128, 2766, 901, 743, 4122, 1446, 2601, 3712, 4871, 559, 4933, 870, 1701, 2309, 3578, 204, 3047, 2619, 660, 1480, 521, 1264, 2159, 450, 3470, 3063, 1298, 4014, 1286, 3014, 4421, 4667, 725, 1211, 3509, 2094, 1406, 3679, 4216, 2567, 4012, 861, 2952, 4197, 4641, 3464, 3790, 2647, 2058, 1366, 724, 2316, 1039, 4061, 2816, 4770, 4777, 2330, 689, 66, 1558, 2693, 930, 1326, 3648, 3782, 213, 4380, 1273, 1350, 4996, 2631, 1904, 3864, 2966, 4110, 910, 776, 2978, 2178, 2018, 1139, 713, 3603, 2662, 252, 2005, 1008, 3668, 2606, 362, 4622, 2655, 2305, 893, 3483, 37, 2927, 4278, 735, 2257, 3887, 4886, 2355, 4550, 4565, 3372, 345, 1022, 2875, 1660, 1508, 2581, 3094, 997, 3740, 889, 1124, 3428, 3016, 4233, 113, 1006, 4133, 4923, 3593, 2704, 1713, 4893, 1658, 4353, 4279, 379, 4531, 928, 1679, 3619, 419, 390, 4875, 95, 4376, 1645, 613, 1944, 84, 687, 3826, 266, 4807, 3454, 327, 48, 1885, 2934, 3427, 285, 193, 2344, 1372, 4080, 3500, 3038, 1186, 4851, 4524, 827, 1837, 2285, 3717, 4004, 3188, 4990, 3246, 625, 1426, 1080, 897, 4624, 4516, 501, 4451, 2318, 118, 4482, 432, 2983, 148, 4815, 4836, 4914, 3167, 1900, 4158, 814, 3594, 4611, 2763, 3650, 3135, 4574, 999, 3967, 2992, 1348, 1602, 4834, 1502, 234, 4672, 2407, 2673, 3733, 274, 3443, 4446, 1385, 2423, 1433, 4153, 4894, 2447, 494, 1172, 1498, 215, 1907, 4123, 1796, 40, 2988, 3747, 1440, 3953, 2491, 1752, 945, 4698, 415, 1967, 4717, 3798, 3077, 4211, 839, 3793, 1960, 885, 1427, 2699, 4071, 3695, 4694, 3860, 1394, 552, 2062, 3635, 3129, 3595, 595, 4688, 1671, 2021, 3328, 4422, 3676, 3899, 4245, 1428, 232, 1607, 1923, 1840, 2179, 4368, 4136, 1423, 3266, 4301, 4711, 4684, 4081, 4885, 1687, 812, 2522, 2079, 59, 1142, 2199, 3751, 1263, 3115, 577, 3649, 4457, 606, 4858, 1985, 1739, 4745, 883, 2745, 1226, 2824, 383, 3931, 4896, 865, 3823, 2656, 3721, 2895, 4336, 471, 3326, 1686, 2440, 185, 4079, 4888, 2432, 756, 1811, 4523, 4041, 750, 1131, 1525, 449, 2419, 3882, 3743, 1044, 2872, 478, 2146, 2302, 1964, 4987, 111, 3633, 2244, 701, 3772, 3026, 2383, 3138, 2703, 1334, 2639, 772, 2071, 3073, 4001, 1989, 1212, 2197, 