{
    "model": {
        "sigma": 816.0600023144143,
        "n_symm": 12
    },
    "testing": {
        "n_test": 2200,
        "energy": {
            "mae": 0.00839587509471378,
            "rmse": 0.011335973548074418
        },
        "force": {
            "mae": 0.008925838467198223,
            "rmse": 0.013304895016544013
        }
    },
    "validation": {
        "sigmas": [ 2.0, 25.0, 50.0, 100.0, 200.0, 300.0, 400.0, 500.0, 700.0, 900.0, 1100.0, 1500.0, 2000.0, 2500.0, 3000.0, 901.9315504427385, 721.5836272389344, 1077.7160648492584, 744.9036694016173, 768.3424118091573, 792.0714946178524, 816.0600023144143, 840.276946114056, 865.7218787616467, 1052.7351485076626 ],
        "losses": [ 0.0005736088533240365, 2.2425593086854892e-05, 2.223919952498548e-05, 2.1966738655675938e-05, 2.0499988801358255e-05, 1.7955667177029155e-05, 1.5441293362412494e-05, 1.3650213517618963e-05, 1.2037725357179579e-05, 1.192093892018261e-05, 1.2677990341585381e-05, 1.5727097949837992e-05, 2.002263882388873e-05, 2.284836891370094e-05, 2.4016551646480532e-05, 1.1923587453913152e-05, 1.1972365706500235e-05, 1.2558035343767378e-05, 1.191704188737698e-05, 1.1877977958639017e-05, 1.1854109485158932e-05, 1.1844585186107529e-05, 1.1850983965217224e-05, 1.1870469508149772e-05, 1.2435167386631549e-05 ],
        "force": {
            "mae": [ 0.06959002932865381, 0.013607124444728568, 0.013552509594421355, 0.013457680440439684, 0.012921209394139935, 0.011956115517755736, 0.01094104192055165, 0.01016487367578113, 0.00933275132674551, 0.009117235890311878, 0.009167600322612504, 0.009614486322560976, 0.010253812914644172, 0.0106651691425079, 0.010865679378249346, 0.009116722011856903, 0.009288403601105014, 0.009153017981259587, 0.009247197021529022, 0.009212986167313517, 0.009184711691632524, 0.00916125527348349, 0.009143552895743017, 0.009129404210934578, 0.009139887215388932 ],
            "rmse": [ 0.09597201677978057, 0.019620818159306833, 0.019547644944204027, 0.019432108363149007, 0.018756889071223696, 0.01748944061600887, 0.01612785946397213, 0.015071088438289765, 0.013970294089077769, 0.013709243092849564, 0.01385977182716608, 0.014732844690203332, 0.01594018265003922, 0.016708977216005304, 0.017073998272281444, 0.013708923384355412, 0.01391257345127947, 0.013829088947068255, 0.013859377477959138, 0.013815317691409403, 0.013779550856041841, 0.013751493219439605, 0.013731816012250224, 0.013717358106290031, 0.013799212379659089 ]
        },
        "energy": {
            "mae": [ 0.06327388679809451, 0.007197050574375566, 0.007099368043716823, 0.007012579198774802, 0.006869411009251963, 0.006920920441642011, 0.007100724225983868, 0.007358207424684224, 0.008045714111620328, 0.009011244724220888, 0.01066528111275693, 0.014872331102953468, 0.019147464281806605, 0.02130599102129054, 0.021872928260738264, 0.009019949398891185, 0.008130064589975517, 0.010443821254055364, 0.008225634738912049, 0.008324228834848327, 0.008426627386987092, 0.00853574932270567, 0.00866324530102429, 0.008803446128316864, 0.010209594940701209 ],
            "rmse": [ 0.07868119057500951, 0.010188274939252282, 0.010054067332034065, 0.009942741731479113, 0.009769257561423592, 0.009809710644057426, 0.009954181040533645, 0.01015604270110217, 0.01093159017961533, 0.012164053231743358, 0.014163833255362891, 0.019153045947407625, 0.024303414930757928, 0.02708840679060905, 0.027965903111823294, 0.012176934893548659, 0.011041055374212771, 0.013904622549091647, 0.01116154357510759, 0.011289277198822271, 0.011425592359702688, 0.011570788791329969, 0.011727209666132667, 0.011902972955082143, 0.013624885455263925 ]
        },
        "idxs": [ 3082, 4980, 1645, 419, 1113, 2156, 545, 4474, 2417, 1401, 4968, 3231, 4308, 4775, 4159, 3130, 2315, 3161, 1049, 2167, 2235, 9, 4835, 2946, 1595, 1621, 4391, 4711, 901, 1362, 4407, 4230, 4169, 2163, 2192, 4458, 935, 4111, 3173, 3282, 4373, 4215, 1642, 880, 4228, 1474, 693, 836, 4734, 2479, 1306, 3418, 3702, 259, 1909, 2817, 1918, 4572, 75, 2548, 2565, 3157, 3040, 634, 4842, 2899, 3940, 1109, 4147, 3878, 3298, 4462, 786, 4798, 2069, 1620, 3240, 1629, 1625, 1714, 2926, 3448, 3349, 2740, 3051, 1348, 92, 3961, 4247, 3140, 360, 622, 2260, 1323, 3559, 208, 499, 3698, 2245, 3184, 1104, 532, 2874, 3753, 1627, 1955, 3643, 4612, 1192, 1566, 3114, 1932, 96, 2816, 4691, 22, 4743, 2958, 3833, 1106, 756, 4205, 18, 3078, 1504, 3416, 2365, 3654, 3110, 1905, 3815, 4109, 2837, 4624, 837, 851, 3403, 2674, 763, 270, 4423, 3555, 2653, 2767, 1103, 1184, 3876, 2526, 1036, 1163, 865, 3705, 750, 1088, 39, 3352, 710, 4302, 4285, 4174, 4053, 418, 1303, 467, 2433, 1594, 3098, 2193, 326, 1300, 3347, 1912, 1570, 4978, 2581, 1927, 1459, 2981, 1567, 1302, 1178, 1392, 35, 4351, 3572, 105, 1949, 4865, 4176, 3220, 2632, 4313, 1173, 3243, 3512, 2401, 156, 1536, 3651, 4170, 178, 3175, 4999, 3253, 2916, 4437, 2463, 136, 686, 184, 4263, 2285, 1223, 577, 1884, 1953, 424, 4761, 3834, 62, 1100, 2392, 1397, 3682, 1592, 353, 4510, 3297, 1271, 2754, 4196, 2781, 2765, 4404, 4213, 2296, 24, 4400, 1341, 1765, 491, 4016, 385, 2072, 1412, 862, 3615, 2737, 2940, 430, 4471, 2734, 4210, 2625, 731, 2450, 4782, 811, 4486, 4723, 1756, 928, 3080, 4378, 1187, 4987, 1766, 1430, 3472, 3568, 3303, 1777, 4386, 4659, 748, 4569, 4194, 2240, 3672, 2294, 2423, 1641, 2532, 1175, 3979, 3026, 1493, 4197, 314, 1793, 4966, 1176, 3846, 3704, 108, 1483, 197, 1248, 1052, 2122, 2360, 2830, 1787, 3991, 2951, 715, 3375, 2364, 4289, 3732, 795, 1674, 599, 840, 4270, 4070, 2241, 2459, 4551, 281, 3468, 4534, 4015, 608, 3528, 3283, 4131, 98, 3359, 2185, 729, 664, 4755, 4820, 4209, 3840, 651, 4554, 4664, 885, 4339, 3597, 4526, 2644, 3513, 1758, 1564, 4644, 1791, 1560, 2461, 4566, 4940, 1649, 2743, 4613, 829, 331, 4686, 37, 4821, 2021, 145, 2269, 987, 4678, 4907, 2322, 636, 3919, 1920, 2493, 858, 4651, 2244, 3368, 2952, 2974, 921, 3922, 2672, 3211, 4553, 3981, 4235, 528, 1057, 4577, 712, 902, 2112, 3830, 4370, 4280, 1921, 854, 2768, 593, 3414, 4580, 4473, 2964, 3417, 169, 3321, 1617, 3029, 4941, 2003, 4255, 1377, 4401, 3063, 790, 2763, 2079, 321, 1333, 1356, 4117, 3485, 4332, 2513, 4969, 1637, 1730, 4321, 2019, 3478, 2636, 3599, 4418, 1369, 4916, 2214, 785, 3289, 2416, 3045, 2855, 2719, 2281, 4991, 3637, 3437, 2344, 1743, 3196, 1911, 3150, 899, 4788, 3770, 472, 1340, 3636, 3592, 2892, 565, 4860, 1133, 1487, 2520, 348, 1252, 4557, 4211, 1588, 3291, 2049, 2798, 733, 4648, 229, 787, 1273, 1121, 407, 1668, 1702, 2405, 1242, 3957, 4451, 1568, 2199, 4924, 1054, 2564, 307, 2414, 1497, 1960, 3366, 999, 1082, 93, 3910, 180, 1506, 1396, 2036, 1895, 759, 1737, 2655, 1596, 2528, 3614, 2599, 87, 1582, 3313, 822, 2212, 4599, 2562, 3903, 6, 3691, 1525, 2993, 1336, 448, 3956, 3087, 4663, 4851, 2380, 3687, 3855, 3839, 1406, 1600, 1887, 2230, 4055, 3850, 1871, 3920, 4894, 210, 4877, 1142, 4171, 3181, 4764, 1460, 3891, 1006, 3606, 4939, 60, 4309, 153, 1978, 4996, 4858, 2702, 1984, 4740, 2393, 933, 3176, 4227, 2486, 4747, 3264, 867, 1312, 2390, 1718, 487, 4562, 4493, 1290, 248, 51, 810, 329, 3799, 258, 219, 2435, 1807, 4840, 4684, 774, 4807, 3765, 3203, 2533, 3537, 4662, 4341, 144, 3235, 167, 1704, 394, 4598, 1464, 1715, 713, 2078, 4088, 3092, 4546, 973, 1481, 3373, 4175, 4478, 3035, 3977, 3259, 3560, 356, 1917, 1205, 2590, 2925, 931, 488, 4726, 1140, 4405, 3481, 2744, 2563, 4922, 971, 298, 2187, 1127, 3377, 4013, 3664, 1994, 3491, 4838, 2220, 945, 4696, 1066, 2173, 4886, 2924, 1393, 4445, 4123, 2320, 3222, 492, 2177, 252, 4568, 802, 284, 2774, 1305, 2588, 2495, 607, 3901, 2055, 171, 1477, 4837, 1399, 3942, 2336, 2028, 1007, 3737, 190, 2823, 1861, 1245, 29, 1010, 183, 2637, 4752, 2718, 2715, 50, 1027, 3117, 905, 2841, 2097, 1622, 3312, 4047, 4670, 3721, 4146, 3197, 3091, 1118, 1880, 3103, 3277, 3215, 3284, 1143, 135, 2695, 4408, 4862, 3916, 4873, 1215, 1119, 432, 2105, 2288, 3841, 2556, 3399, 3208, 1159, 2403, 2407, 4608, 2160, 2738, 3372, 922, 4754, 287, 4491, 2839, 518, 3123, 1051, 2656, 3542, 2819, 889, 3426, 659, 139, 1288, 3646, 3914, 4114, 73, 21, 941, 849, 820,