E_unit,R_unit,E_mae,E_rmse,E_sse,E_max_abs_err,F_mae,F_rmse,F_sse,F_max_abs_err
kcal/mol,Angstrom,0.043837751187304305,0.05826458608546278,6.7895239834206045,0.3288951921943093,0.08094219516345029,0.11124360700507023,891.0100871638921,0.9935900531455949
