E_unit,R_unit,E_mae,E_rmse,E_sse,E_max_abs_err,F_mae,F_rmse,F_sse,F_max_abs_err
kcal/mol,Angstrom,0.015045517250277043,0.018702727007660267,0.6995839950461294,0.08872689541021828,0.1398477299315859,0.19765399360999786,1406.4156428393176,1.7906652994966663
