{
    "model": {
        "sigma": 573.3341215738988,
        "n_symm": 12
    },
    "testing": {
        "n_test": 2600,
        "energy": {
            "mae": 0.010895258102352203,
            "rmse": 0.014756188302986256
        },
        "force": {
            "mae": 0.009964906979982634,
            "rmse": 0.015404967652247428
        }
    },
    "validation": {
        "sigmas": [ 2.0, 25.0, 50.0, 100.0, 200.0, 300.0, 400.0, 500.0, 700.0, 631.9688452523241, 482.23539300930986, 646.9261377835338, 403.01308181728524, 573.3341215738988, 489.75153039208453, 561.5218939920362, 647.5103015742199, 493.7684359945775, 520.8017340505717, 443.12157827056024, 602.6242851292031, 676.7128502792353, 540.7524059396984, 425.1345186604554, 461.4513979412734, 588.7004133236303, 617.1215622113425, 688.6832444254592, 663.701161488276 ],
        "losses": [ 9.328212059743842, 2.0634971383338234e-05, 2.1244647595632185e-05, 2.1578933207086208e-05, 2.071895014272196e-05, 1.9468877840199793e-05, 1.8476534902865342e-05, 1.7903156076054053e-05, 1.802470839519253e-05, 1.7818465149937e-05, 1.7972135508363424e-05, 1.7851885562404767e-05, 1.8452660481299917e-05, 1.7766543504754785e-05, 1.794120974395344e-05, 1.7772834229814154e-05, 1.785335770072062e-05, 1.7926059579753624e-05, 1.784012662787625e-05, 1.817440429676251e-05, 1.7776074842586603e-05, 1.793927529355528e-05, 1.7798126130665955e-05, 1.8290398038378e-05, 1.8071128647020107e-05, 1.7766723090594328e-05, 1.7792487086403057e-05, 1.7982503910872917e-05, 1.7897851571631846e-05 ],
        "force": {
            "mae": [ 8.719899389105423, 0.012066358059263866, 0.012280465145150049, 0.012365846955570546, 0.011986505403368732, 0.011506284533200876, 0.011067812529722538, 0.010694859419007415, 0.010177064593362218, 0.01031839086778348, 0.0107553080875401, 0.010284086695108517, 0.011055534974174783, 0.010469203956023666, 0.010729404889948686, 0.01050287773945874, 0.010282863641982457, 0.01071584866642596, 0.010626992867293867, 0.010897706643785761, 0.010391035710246112, 0.01022154551387232, 0.010564576470596667, 0.01096713652212211, 0.010829226267995505, 0.0104272642074485, 0.010354346860717092, 0.010198393617119349, 0.010247944368916989 ],
            "rmse": [ 12.465237716436913, 0.018774411334362116, 0.01905672156055339, 0.019207164806598235, 0.01878296913684357, 0.018099459934976553, 0.017413682096035835, 0.0168213196715159, 0.01602167109340166, 0.016238701394972466, 0.016917211596970905, 0.01618641944975401, 0.01739414680735452, 0.01646985408683399, 0.016876156406061465, 0.016521771456821505, 0.016184580261577958, 0.016854658546331457, 0.01671425792609899, 0.01714314361616511, 0.016349138934178113, 0.016090141613053974, 0.016617258697952563, 0.017253473754137716, 0.017034828891664962, 0.01640497051391865, 0.016293129068392167, 0.016054441884247494, 0.016131027387163776 ]
        },
        "energy": {
            "mae": [ 6.570140958733026, 0.006456604381785979, 0.006512311296446683, 0.0065197424414636775, 0.006603943989830441, 0.007268460089504515, 0.008653655282585533, 0.010346161207125988, 0.013949306364163932, 0.012774950038663519, 0.010027349646938091, 0.013037611002095219, 0.008702329326464678, 0.011701559374800127, 0.010159458843088942, 0.011482459484504944, 0.013047045393795998, 0.010231487055192702, 0.010727536869999311, 0.009369207090319832, 0.012249509383727854, 0.013552910940612492, 0.011091951949223584, 0.009067584269338113, 0.009672190570105158, 0.011990809249335143, 0.012509121745701122, 0.013760232425549475, 0.013328338892497413 ],
            "rmse": [ 8.341884195667811, 0.010260756943126014, 0.010340056975159724, 0.010409829174531255, 0.010578062459999512, 0.011266802559775847, 0.012767429069876114, 0.014776109448409014, 0.019400860016493437, 0.017800897247015595, 0.014396448430439506, 0.01815577127709456, 0.01282175787644605, 0.01642181635710792, 0.01455585417725508, 0.016148973834824606, 0.018168929579170205, 0.014641940847772648, 0.01523079141476416, 0.013591644552866253, 0.01710669188058356, 0.018858287031297393, 0.015676058127905877, 0.013238162029628379, 0.013963229544863452, 0.016779279230341348, 0.01744813150072224, 0.019139831385103147, 0.0185519216920071 ]
        },