{
    "model": {
        "sigma": 401.5282082635921,
        "n_symm": 72
    },
    "testing": {
        "n_test": 6983,
        "energy": {
            "mae": 0.04532704098253096,
            "rmse": 0.06788957360898917
        },
        "force": {
            "mae": 0.07061404565912618,
            "rmse": 0.13190067933665295
        }
    },
    "validation": {
        "sigmas": [ 2.0, 25.0, 50.0, 100.0, 200.0, 300.0, 400.0, 500.0, 700.0, 900.0, 1100.0, 1500.0, 401.5282082635921, 318.6820020451368, 479.78088469136276, 456.75504584668147, 432.5909599545915, 344.57704861892205, 369.3796146786931, 418.7362069763476, 382.84846482706826, 331.8069079060598 ],
        "losses": [ 0.021686292920274214, 0.0021659294634432773, 0.0021592206415390683, 0.0020938158455844837, 0.0017939505529320926, 0.0015833381329512673, 0.001499202075330317, 0.0015843182924045927, 0.002268437869150289, 0.0034478810793596056, 0.0052817426771174245, 0.011963749165084473, 0.0014989167273785264, 0.0015577127126090828, 0.0015518674745282968, 0.0015242154449748957, 0.0015060984129247749, 0.0015286799914315985, 0.0015095132738877346, 0.0015006577118846288, 0.0015029908175434794, 0.001541863191349654 ],
        "force": {
            "mae": [ 0.36196400353483005, 0.08676759828541082, 0.08639730339083108, 0.08453408887166995, 0.07798533957808255, 0.07348714702022377, 0.07139536502878117, 0.0722613075034294, 0.08320697141833526, 0.09923919135891952, 0.11561231502026544, 0.15156477805397048, 0.07137723117198738, 0.07292787887211975, 0.07178064887246051, 0.07142569505841513, 0.07126522325276094, 0.07226533676133133, 0.07178000880174715, 0.07127218291798651, 0.07158406590390232, 0.07256543617043439 ],
            "rmse": [ 0.5088471556543075, 0.16060040610325463, 0.1603519828176177, 0.1579063961481117, 0.14608094839147404, 0.1368802655669029, 0.13218064215646874, 0.13353893390304986, 0.15163946848597554, 0.17812838390345298, 0.20696523747008297, 0.26835214836798343, 0.1321423857305143, 0.1356469768776609, 0.1327390464268415, 0.1321399118339971, 0.13189175255396107, 0.13416584796166744, 0.13305873714445945, 0.13192211825713457, 0.13259921844155992, 0.13485548705862996 ]
        },
        "energy": {
            "mae": [ 0.08057140506739768, 0.02525022789635568, 0.025252450502644932, 0.02396220161362726, 0.022809337958982722, 0.029231379787319385, 0.044116788341634676, 0.07006264697437291, 0.139719138246277, 0.20855691250810923, 0.29629586530366214, 0.5544663898897852, 0.04446351487086213, 0.03133603253859474, 0.06398605506526656, 0.057619209840748226, 0.05130131344973052, 0.03468123267847113, 0.038505033369991, 0.04812688632546633, 0.04088573854819697, 0.03295661624478816 ],
            "rmse": [ 0.10448633187374207, 0.04068815560547282, 0.04060883575110799, 0.03993329881705046, 0.0395561997071479, 0.04689087453415542, 0.06574589613728514, 0.09912839489318871, 0.18767716135015602, 0.28350267194889217, 0.41378640428326935, 0.7721836701162353, 0.06616838507363193, 0.04936684238605264, 0.09141276570371976, 0.08314791239122325, 0.07515243194900632, 0.05351675266570874, 0.05841887224850555, 0.07097225145354054, 0.061463883650565466, 0.05134490451637977 ]
        },
        "idxs": [ 7744, 3356, 4311, 6234, 6259, 8736, 4293, 5552, 1701, 8429, 2943, 5383, 5781, 5158, 9023, 1773, 2613, 1082, 7206, 8391, 666, 3162, 3321, 166, 4032, 1984, 1438, 7815, 4573, 234, 7068, 8259, 8564, 3901, 3337, 7809, 2508, 4280, 820, 795, 4251, 9075, 3767, 2414, 5741, 6365, 1094, 2504, 1709, 8334, 1933, 1377, 4581, 5193, 7154, 8197, 2461, 8938, 1138, 8490, 2332, 88, 779, 8332, 5926, 497, 8952, 494, 844, 3964, 6739, 4643, 124, 6522, 4550, 2699, 2131, 6198, 395, 6220, 1902, 7740, 7197, 4318, 4959, 8537, 3315, 8119, 7488, 1659, 8811, 5173, 1985, 5123, 42, 356, 5707, 8287, 4710, 5771, 7622, 838, 6529, 5845, 3211, 6565, 8832, 6707, 5036, 4877, 7977, 52, 3573, 7124, 1646, 1833, 5649, 8586, 5463, 5298, 3339, 6969, 6703, 232, 3743, 4958, 6611, 161, 3344, 7057, 8873, 4875, 8548, 5022, 2090, 4784, 4294, 4681, 1039, 6732, 6923, 2792, 9145, 3846, 6845, 3343, 7434, 1955, 5698, 3246, 6216, 1841, 8580, 6539, 6342, 8124, 980, 552, 1911, 7966, 7241, 1264, 7440, 3385, 7249, 2214, 1884, 2540, 1492, 6761, 7468, 3766, 7615, 9, 504, 5101, 3334, 2019, 8109, 8672, 2242, 3424, 756, 5638, 5704, 3109, 8939, 5010, 4098, 5751, 809, 5256, 9171, 8420, 6805, 1473, 1601, 5666, 7975, 6567, 4361, 1661, 4978, 8828, 6928, 4151, 1484, 1494, 7175, 4746, 8777, 1304, 6292, 6899, 8152, 678, 948, 2807, 3842, 2934, 2431, 7786, 6596, 5757, 364, 5322, 3754, 9246, 2134, 5000, 2153, 2464, 4749, 380, 3229, 7802, 7308, 5080, 1506, 5011, 5851, 1213, 1932, 4960, 6177, 1166, 5427, 3197, 4274, 3195, 697, 6557, 825, 5442, 3662, 8544, 6358, 2389, 4292, 1836, 5522, 8402, 1517, 187, 774, 1967, 6953, 4840, 202, 6086, 8949, 6055, 2828, 8522, 9081, 3966, 3382, 7248, 7779, 4759, 289, 7962, 7380, 266, 4238, 8150, 2307, 6584, 4279, 5581, 8148, 3155, 8714, 4907, 904, 6612, 938, 661, 4654, 2576, 3763, 1174, 114, 4731, 978, 3345, 8707, 408, 562, 3398, 1922, 5135, 6545, 2011, 1965, 7876, 1429, 217, 7874, 7448, 1428, 6516, 6095, 8653, 312, 3322, 719, 8065, 4982, 6084, 238, 7365, 1930, 877, 8481, 8649, 8141, 4469, 8805, 8250, 6100, 5960, 6780, 797, 5703, 4199, 566, 4901, 8888, 9122, 6692, 3624, 1289, 6066, 8363, 2225, 5626, 2537, 9271, 8629, 2955, 5137, 4179, 8722, 3713, 257, 6867, 4180, 6747, 1582, 8956, 8855, 8610, 6790, 3555, 3026, 3123, 5497, 509, 5856, 3086, 7419, 2262, 3696, 7875, 4676, 3990, 8367, 5726, 3845, 4945, 2323, 4790, 1639, 4556, 5677, 8542, 6870, 4865, 5175, 4635, 6001, 5384, 4904, 5491, 4862, 5329, 8694, 9009, 9146, 7295, 7608, 1804, 9203, 1375, 5161, 4027, 8234, 6470, 9260, 3220, 2591, 4075, 7483, 622, 6237, 5496, 7411, 1616, 7970, 5785, 1093, 3250, 4286, 7335, 970, 7244, 4379, 8376, 4799, 4462, 6956, 5905, 391, 8099, 4247, 8142, 2266, 8845, 7232, 6595, 4582, 5534, 4858, 1073, 8803, 1913, 1747, 8635, 5716, 8986, 5673, 8915, 4616, 5618, 3200, 7349, 109, 2498, 4565, 3187, 8163, 2673, 8866, 8190, 5111, 6269, 5290, 4674, 5956, 4709, 2533, 1521, 7603, 7484, 1332, 8701, 5524, 2573, 888, 8218, 3052, 7005, 7476, 2030, 1489, 6244, 4824, 3369, 5948, 6429, 902, 4656, 1704, 6874, 8746, 638, 4672, 6223, 533, 212, 4666, 8267, 5508, 9093, 7974, 3437, 2438, 2735, 1938, 3862, 1599, 1030, 1555, 5426, 8009, 9048, 1476, 6175, 3925, 1313, 8647, 430, 2107, 3036, 8368, 907, 9035, 2043, 97, 1022, 5182, 5145, 7106, 493, 8156, 985, 2803, 7272, 6518, 9223, 4678, 3866, 1034, 3395, 2801, 1155, 5184, 4200, 2709, 5412, 1069, 2116, 8918, 4051, 3420, 5899, 7659, 846, 2067, 4187, 7049, 5391, 6931, 4403, 8540, 2704, 2300, 2731, 9016, 2493, 6743, 424, 8634, 6760, 865, 2877, 1997, 4501, 418, 1986, 8418, 3376, 6248, 1510, 6359, 2624, 8846, 6087, 2327, 5019, 847, 4261, 4319, 5375, 7046, 6408, 5270, 7679, 5809, 4278, 3169, 2132, 2273, 4924, 1852, 3550, 7681, 5248, 5413, 7828, 8717, 2674, 1942, 640, 317, 3980, 2741, 4168, 5170, 3228, 7362, 4421, 2556, 8794, 2022, 8242, 5046, 4789, 8170, 8110, 5362, 5672, 2115, 7719, 3015, 2903, 6185, 8298, 8887, 4099, 6687, 3419, 8878, 1286, 3214, 3999, 3230, 4267, 1367, 3592, 3210, 4124, 4849, 3850, 7270, 145, 6093, 863, 5642, 5195, 6860, 6863, 5285, 5811, 7551, 4225, 8476, 2141, 4268, 9005, 652, 637, 1002, 775, 8730, 1918, 1707, 692, 1071, 5401, 700, 4564, 4835, 5005, 3134, 6715, 8221, 4127, 7635, 375, 1745, 8744, 9000, 2567, 2971, 2965, 2442, 2394, 3179, 3807, 5446, 668, 4078, 6448, 4283, 1322, 5990, 5799, 617, 6256, 4466, 2472, 8617, 975, 6326, 1359, 4665, 8425, 5647, 3004, 3890, 9014, 1191, 1664, 84, 7212, 5303, 5073, 6807, 180, 2784, 3310, 427, 8205, 4782, 8185, 8361, 2682, 3176, 1961, 2252, 669, 7569, 6135, 7709, 612, 823, 7701, 1593, 7376, 8299, 8392, 7227, 7375, 8227, 1407, 5531, 1956, 2889, 7711, 3744, 2799, 5087, 9041, 5370, 2873, 3122, 8326, 2768, 919, 4583, 939, 8808, 7947, 8135, 6915, 6900, 8862, 4130, 8253, 2693, 6194, 4590, 7420, 7085, 7623, 5670, 7029, 5334, 8901, 6145, 8810, 6975, 8434, 1059, 1300, 3063, 1998, 6385, 6681, 5793, 2558, 7467, 6010, 2989, 