{
    "model": {
        "sigma": 468.4519830779058,
        "n_symm": 48
    },
    "testing": {
        "n_test": 2600,
        "energy": {
            "mae": 0.01267729564579965,
            "rmse": 0.01704662124819123
        },
        "force": {
            "mae": 0.016494513986067754,
            "rmse": 0.026722399220716737
        }
    },
    "validation": {
        "sigmas": [ 2.0, 25.0, 50.0, 100.0, 200.0, 300.0, 400.0, 500.0, 700.0, 900.0, 1100.0, 1500.0, 2000.0, 498.31297093221497, 420.6543996148445, 677.7285028991087, 444.47284374657806, 468.4519830779058, 651.9137850129641, 626.4175038105542, 600.6831248447985, 574.7594755220152, 548.0035077634009 ],
        "losses": [ 0.004570523194195188, 0.00046065510099749354, 0.00045511516897075874, 0.00039727629251355874, 0.0002316885718464615, 0.00013476518349976062, 0.00010133959958193687, 9.93232980244437e-05, 0.0001328867991708599, 0.00018407446488471964, 0.00024006598393547604, 0.0003754160663645726, 0.0005939558765032408, 9.920610761175094e-05, 9.906155845671047e-05, 0.00012782051614419605, 9.781137720773574e-05, 9.77508580774791e-05, 0.0001223341512174645, 0.0001172368942100054, 0.00011249109195454382, 0.00010822286409604902, 0.00010433705905633919 ],
        "force": {
            "mae": [ 0.1466638678046254, 0.03940826104714788, 0.039064348235858304, 0.03606342083606156, 0.027005250248528328, 0.02066704060903269, 0.018062684191381236, 0.017885899302735757, 0.020722419173303804, 0.024463868685128867, 0.027973686675184857, 0.035713886736921795, 0.046540077142626604, 0.01787685239538686, 0.01786533734710425, 0.020315102068866383, 0.01775170335608395, 0.01774687189600711, 0.019869029082004424, 0.019443561337062844, 0.01904124196265133, 0.01867908530681761, 0.018331331392827874 ],
            "rmse": [ 0.20245757573798207, 0.06422581618569546, 0.06383721403487057, 0.05963210770771936, 0.04546331519641136, 0.03452349614144921, 0.02976241047470977, 0.02930719952122756, 0.03367074657860129, 0.03948442916953407, 0.045051199117857585, 0.05642373692264378, 0.07068459555425602, 0.02929394239216441, 0.0293913588550379, 0.03304259306478979, 0.029163288884683395, 0.029121483852922448, 0.03234977037764394, 0.03168732201011301, 0.031065213289260037, 0.03049583099407224, 0.029970020822307153 ]
        },
        "energy": {
            "mae": [ 0.03124322892939628, 0.00943968976692463, 0.009431652963468878, 0.009021874659472814, 0.009612558984172211, 0.011003966528838645, 0.012440937768002187, 0.014321334317577566, 0.018928062715272972, 0.02342159382549653, 0.02690582150264163, 0.03374256941560088, 0.0470219761166627, 0.014246482383980037, 0.012767669251607003, 0.018371666763097892, 0.013280542285287083, 0.01362558560110847, 0.017734895178899025, 0.017226793911944698, 0.01661234349996448, 0.01604418686406643, 0.015505321114327671 ],
            "rmse": [ 0.04022696360181471, 0.015253576723983517, 0.015219368143897412, 0.014718983568842329, 0.014253310714787845, 0.015280657951652928, 0.017079981450782947, 0.019719628811852654, 0.026302094842077656, 0.03293934444441853, 0.038149313880888894, 0.046560177186260564, 0.062297747405363056, 0.01964120035659494, 0.017544245895823075, 0.025510714274696956, 0.018197978000659427, 0.018766666933478088, 0.024607974649353825, 0.023815417909286336, 0.022942525019340545, 0.022113361683587567, 0.021299813097126894 ]
        },
        "idxs": [ 3810, 4967, 1024, 1129, 1632, 3943, 247, 3088, 643, 201, 1977, 576, 1272, 820, 4718, 2191, 2233, 751, 3043, 1215, 1274, 2107, 3285, 2157, 2904, 4788, 1620, 1233, 82, 4842, 4638, 816, 382, 4065, 2939, 3213, 3280, 2357, 2719, 3876, 2116, 4277, 634, 2224, 1207, 4976, 3260, 3104, 4925, 1081, 1342, 1295, 1194, 1059, 476, 4410, 1168, 2951, 2788, 3210, 1036, 3986, 1321, 1392, 3957, 242, 2181, 2474, 3242, 3998, 4841, 4371, 3855, 2751, 455, 74, 3219, 4971, 2194, 1748, 3059, 528, 470, 795, 2193, 1972, 1678, 2185, 496, 4509, 1802, 4750, 1117, 1592, 4917, 1568, 1345, 580, 3532, 3525, 1449, 71, 4588, 2072, 4856, 4349, 2296, 2844, 4868, 3254, 1276, 1340, 4693, 1020, 3753, 1469, 346, 4054, 652, 4589, 4137, 3670, 483, 1026, 828, 4224, 2184, 2658, 2684, 1053, 4418, 2544, 265, 762, 2515, 4415, 541, 1456, 3153, 670, 1229, 774, 628, 886, 4977, 2826, 1521, 603, 3252, 3745, 1780, 2896, 2053, 1289, 3783, 2785, 801, 1314, 149, 4741, 2835, 1005, 588, 4121, 1846, 2714, 1470, 492, 2424, 1038, 4618, 3551, 375, 4521, 1986, 4447, 508, 1259, 4091, 1369, 2292, 4126, 2588, 3264, 292, 2732, 4067, 1751, 1027, 4485, 3940, 4195, 4228, 2303, 3459, 4119, 1153, 3079, 621, 1240, 572, 4934, 1782, 4866, 1987, 3409, 4606, 787, 104, 2784, 2315, 1462, 2254, 11, 4676, 1, 995, 3226, 2387, 4702, 3707, 4292, 1018, 859, 872, 733, 1389, 2476, 4997, 3492, 1012, 763, 917, 1126, 4949, 1147, 441, 91, 1000, 3963, 911, 2608, 3453, 3671, 2022, 2032, 4100, 4889, 2517, 1270, 1123, 4032, 1891, 663, 3200, 2847, 371, 275, 1033, 3265, 3560, 2310, 1336, 1690, 2304, 2051, 728, 2389, 3348, 2622, 3824, 1861, 1317, 3178, 1559, 3304, 3449, 4358, 438, 2584, 3682, 3934, 1061, 2777, 1035, 1296, 2664, 1759, 502, 566, 684, 3732, 1358, 3968, 2031, 1176, 4335, 321, 324, 1197, 260, 1830, 2794, 1728, 3654, 2260, 3290, 3514, 3012, 3315, 3979, 3109, 2097, 1251, 2837, 459, 2628, 2109, 158, 1279, 4392, 3456, 2386, 2043, 4412, 3817, 2561, 466, 2918, 1048, 2972, 3582, 1009, 1256, 4738, 3031, 1010, 1948, 1485, 4703, 1856, 2917, 1768, 3491, 633, 4236, 4076, 4664, 3476, 4600, 571, 298, 2480, 4995, 3121, 4431, 4848, 4321, 4184, 3616, 2739, 4993, 1952, 433, 68, 3411, 16, 1397, 2454, 2393, 507, 233, 1422, 3914, 3678, 2065, 108, 3133, 597, 3970, 2113, 2457, 3066, 753, 4005, 1232, 635, 4626, 3417, 3084, 2396, 4653, 4563, 2566, 4964, 844, 4576, 1920, 846, 1341, 3332, 1138, 1905, 1774, 1361, 2798, 2429, 1249, 2458, 1670, 3718, 1673, 1886, 3013, 4648, 4169, 607, 4534, 3958, 4476, 4473, 1753, 1609, 3956, 4832, 2421, 2764, 2614, 4105, 4477, 2433, 1715, 920, 2085, 4765, 1570, 1770, 4165, 2298, 2250, 2743, 3191, 3990, 2520, 2715, 800, 2156, 2159, 642, 4819, 724, 1594, 243, 1611, 1077, 3634, 3047, 2766, 2248, 4171, 1936, 297, 4716, 2613, 559, 4050, 4854, 4770, 351, 4181, 3052, 2609, 2968, 3951, 4325, 410, 2619, 943, 2635, 3049, 1167, 4012, 4333, 13, 1680, 1366, 843, 2550, 4801, 3224, 2889, 4530, 967, 2094, 4671, 1847, 1480, 4609, 4855, 1313, 2438, 473, 1419, 1307, 207, 1201, 4174, 1571, 3029, 3814, 3816, 1308, 1763, 4549, 4871, 2058, 4175, 2309, 1211, 2247, 4346, 1692, 3509, 3574, 204, 4150, 2412, 428, 54, 870, 2316, 3063, 861, 479, 296, 1697, 4095, 3973, 218, 3774, 1202, 327, 4004, 3637, 84, 266, 735, 452, 3384, 2236, 897, 1326, 2027, 4516, 687, 3428, 1982, 4574, 1124, 2978, 2281, 395, 2970, 2354, 362, 4400, 3500, 390, 4573, 357, 4570, 4815, 717, 1738, 1451, 1508, 213, 1937, 1139, 4807, 3758, 20, 613, 118, 3668, 3251, 4893, 4147, 1904, 1604, 2983, 912, 2228, 3779, 1809, 1679, 3094, 419, 3134, 2761, 3372, 2945, 3135, 2355, 889, 3652, 896, 1660, 1910, 2852, 1051, 4246, 767, 2926, 379, 2279, 2135, 4279, 1213, 3673, 3291, 175, 1362, 827, 3717, 4990, 3552, 236, 1478, 4274, 1265, 4278, 4451, 3399, 2631, 4380, 2660, 2257, 3864, 132, 2711, 2088, 1502, 657, 1155, 737, 1958, 4404, 2625, 413, 3619, 1204, 1100, 2712, 1008, 4611, 4482, 2934, 2655, 1645, 3921, 2840, 1006, 4834, 2663, 2284, 626, 345, 3188, 3967, 432, 2661, 4550, 2992, 2255, 3235, 1350, 2005, 678, 299, 3429, 1752, 4458, 3223, 1850, 2067, 1839, 812, 4592, 4368, 2056, 4071, 2824, 4771, 3747, 1735, 4735, 4428, 2440, 1431, 2610, 3300, 2383, 2964, 3628, 840, 1142, 1967, 2213, 4666, 4927, 4766, 4245, 945, 2062, 1931, 340, 4698, 4494, 1226, 2639, 847, 3793, 2822, 1671, 1845, 2017, 3001, 2347, 1764, 2676, 577, 4740, 2656, 1373, 3898, 2988, 449, 138, 895, 1964, 1065, 1613, 3751, 4422, 2752, 2778, 888, 3846, 552, 2895, 4948, 147, 4684, 1686, 1131, 4872, 4899, 821, 618, 254, 267, 3708, 3982, 3358, 1427, 1212, 1135, 662, 2079, 4001, 1989, 2740, 4523, 4538, 3776, 4006, 35, 3721, 67, 772, 1111, 1723, 383, 2432, 701, 3143, 4773, 2699, 2302, 411, 1385, 855, 415, 2287, 2745, 3036, 709, 4336, 