{
    "model": {
        "sigma": 622.7522410530654,
        "n_symm": 12
    },
    "testing": {
        "n_test": 2700,
        "energy": {
            "mae": 0.013234253120883497,
            "rmse": 0.018928047869941
        },
        "force": {
            "mae": 0.011930630561534516,
            "rmse": 0.019342080544379036
        }
    },
    "validation": {
        "sigmas": [ 2.0, 25.0, 50.0, 100.0, 200.0, 300.0, 400.0, 500.0, 700.0, 900.0, 616.4417271107296, 559.489244143012, 734.2153507797325, 607.0865921933892, 802.4531191884314, 700.7304708067247, 782.7026505046847, 835.218810557961, 672.1346580857626, 774.7638297615883, 643.0902416708859, 585.5594355524395, 629.8747501290646, 623.4643137501012, 626.0572528293453, 620.9859570482092, 624.4693901037731, 622.7522410530654, 622.5232648429028, 624.498449187988 ],
        "losses": [ 2.9595071267466484e-05, 3.0123588438671737e-05, 3.1206399565477614e-05, 3.222541972489358e-05, 3.248129238939202e-05, 3.152695149079795e-05, 3.022872665848655e-05, 2.9191385539898335e-05, 2.8852777130907027e-05, 2.9665098895923096e-05, 2.8713368880790315e-05, 2.883779986973246e-05, 2.8981855452692603e-05, 2.872010283390448e-05, 2.9281704160501433e-05, 2.885488556492277e-05, 2.9193337086442292e-05, 2.942336120838767e-05, 2.8772145020728558e-05, 2.9157734330297144e-05, 2.8722105636983394e-05, 2.8755311255638788e-05, 2.87129175047555e-05, 2.8712010888102898e-05, 2.8712190352060793e-05, 2.8712312583399146e-05, 2.8712132185431884e-05, 2.87117484107452e-05, 2.871195286871059e-05, 2.871218714984091e-05 ],
        "force": {
            "mae": [ 0.013986980591664866, 0.013674331150840633, 0.014016624522523077, 0.014282337495305818, 0.014261641570227319, 0.014023492134241816, 0.013645355085115708, 0.013257198715098149, 0.012753456919117265, 0.012542629983192829, 0.01291287895474215, 0.013063747884692986, 0.012706055374297753, 0.012935468382179571, 0.012630816921583774, 0.01275237862266702, 0.012650380780292405, 0.012600107423839327, 0.01279918609323505, 0.012658646530538976, 0.012854095936151451, 0.012990321623937116, 0.01288233126631333, 0.012896614170167553, 0.012890835733380119, 0.01290226193493983, 0.01289441082687935, 0.012898215924267572, 0.012898779361856348, 0.012894267516571066 ],
            "rmse": [ 0.022031237692507373, 0.022438160322287758, 0.022862501110038798, 0.023251358695185544, 0.023316666780095207, 0.02286429381197525, 0.02219344512256355, 0.021548730127680233, 0.02073802944531563, 0.02037691192805936, 0.020993598096437083, 0.021234093260280293, 0.020659092682177374, 0.021029104304043443, 0.020529536370266385, 0.020736247608359723, 0.02056401410150654, 0.02047563838007063, 0.020812163019153587, 0.020578580471406184, 0.020900698957493483, 0.02111668546647628, 0.02094537114358252, 0.020968008724523816, 0.02095880562985659, 0.020976977087396802, 0.020964462379564532, 0.020970548000486065, 0.02097142750168748, 0.020964294572075257 ]
        },
        "energy": {
            "mae": [ 0.010276695985687796, 0.008477440504416478, 0.008580710236859204, 0.008675995034870994, 0.009014461094717261, 0.009838394852395141, 0.01104301251493598, 0.012381322813816951, 0.01563885539889452, 0.018522702056900014, 0.014231169147969923, 0.01331030756807013, 0.01620669957746577, 0.014081935419730143, 0.01728200996297528, 0.015649585002553066, 0.016979707598206006, 0.017747933674487286, 0.015168078028524178, 0.016853872067338672, 0.014670810925599654, 0.013730465869710315, 0.014448254015151178, 0.014344175019592512, 0.014386144677933772, 0.014304846376151545, 0.014360341480365605, 0.014332297597662545, 0.014328525671182432, 0.014361824606079609 ],
            "rmse": [ 0.01621656364315324, 0.014673020072266164, 0.014723608248144988, 0.014800877202964862, 0.015091629997205766, 0.015760216318670806, 0.016925994709735385, 0.01842359139837596, 0.022271571700457116, 0.025685408785137132, 0.02056284119196823, 0.019464166658660978, 0.022958330332446528, 0.02037681459948784, 0.024222213325666306, 0.022285517880129824, 0.02387483468110319, 0.024762060437464584, 0.02169901186143558, 0.023730107894965723, 0.021102749235576437, 0.019955672753965863, 0.020833192365280355, 0.020704106693298165, 0.02075624309120109, 0.02065430527840171, 0.020724341093077178, 0.020689179666987967, 0.020684720632799986, 0.020725416735173852 ]
        },