{
    "model": {
        "sigma": 15.993046445892679,
        "n_symm": 2
    },
    "testing": {
        "n_test": 11827,
        "energy": {
            "mae": 0.0010171678581794687,
            "rmse": 0.0035095888867986
        },
        "force": {
            "mae": 0.020750359354547547,
            "rmse": 0.10715651523879034
        }
    },
    "validation": {
        "sigmas": [ 2.0, 25.0, 50.0, 100.0, 200.0, 300.0, 400.0, 39.7363003062245, 20.379320220984127, 14.233274176648273, 44.04529712711888, 17.97563164163921, 42.30502427209129, 26.826109834075616, 9.41329218083299, 24.604875602538, 11.202661018066701, 33.28257739228533, 30.12686379023567, 47.40976828167907, 36.39587488501505, 11.431060793123835, 16.251944856902625, 22.251477838075104, 10.908277146273829, 18.642812993497067, 15.993046445892679 ],
        "losses": [ 0.007210638270894972, 0.005837710670318069, 0.005859452270588764, 0.006387851746985624, 0.00956133389572003, 0.03114123587568234, 0.10283847019810405, 0.005847441980716936, 0.005834411684484719, 0.005832022167994384, 0.005850957753290122, 0.00583275177673229, 0.0058493161899902295, 0.005838971876644465, 0.005842047861345405, 0.005837308360873565, 0.005833846826190944, 0.00584298718413304, 0.0058411454755455975, 0.0058552286461767715, 0.005844918201296792, 0.005833767126322557, 0.005831967515902985, 0.00583588288201276, 0.005835196383960509, 0.005833158096102606, 0.005831956777038951 ],
        "force": {
            "mae": [ 0.026774564055272145, 0.02518373397978647, 0.02528971175584298, 0.028378859930747, 0.05031159815898708, 0.12317080965873456, 0.2850659108479868, 0.02524198860278079, 0.025146798669869304, 0.025061497185126867, 0.02525619064916956, 0.025119448857273272, 0.025249122164660624, 0.02519471409677295, 0.024937390616090557, 0.02518049074558132, 0.024989511971245732, 0.025222017217892474, 0.02521058750951537, 0.02527323123152875, 0.025231215628462977, 0.02499231455919151, 0.025095371905770058, 0.025164099336846053, 0.02498161385337571, 0.025127808418964954, 0.025092813055084807 ],
            "rmse": [ 0.14707567603173843, 0.13233555451625673, 0.13258173217633892, 0.13843038850916195, 0.16935561578558486, 0.30560810143002487, 0.555333016484589, 0.13244580407820214, 0.1322981534413786, 0.13227104874955525, 0.13248560818308955, 0.13227932941796788, 0.13246702449307893, 0.1323498496588113, 0.13238467193603792, 0.13233099426097064, 0.13229172852195525, 0.13239534828739222, 0.13237448180470687, 0.1325339462142179, 0.1324172220789714, 0.13229082586643856, 0.13227043342944972, 0.13231483412123438, 0.13230702794655258, 0.13228393777051672, 0.13227031111033416 ]
        },
        "energy": {
            "mae": [ 0.0013174120605981444, 0.0011166629817817011, 0.0011296744471328566, 0.001124228692111501, 0.002565705354158126, 0.00960325198143255, 0.026613810736278536, 0.0011209821395168546, 0.0011172494604688836, 0.0011204561670165277, 0.001124136534956051, 0.0011182480667994241, 0.0011227062567195389, 0.0011166800886494457, 0.0011261945649966947, 0.0011166188625284122, 0.0011233744777273387, 0.0011178175331369856, 0.0011170840241320548, 0.0011271524398616748, 0.0011190292936516925, 0.0011232451495779968, 0.0011190416262506916, 0.001116852983388526, 0.001123719790695759, 0.0011178412079825648, 0.0011192072736521369 ],
            "rmse": [ 0.004691597070084501, 0.0037992184680955532, 0.0038345138232923006, 0.0044074866585491704, 0.009446496785313282, 0.030219181205899472, 0.0634169789145306, 0.003807554899155246, 0.00380197078544384, 0.0038129895354782496, 0.0038161246801794112, 0.0038049920263080036, 0.0038122255998121134, 0.003798794648483561, 0.0038393594249928904, 0.003799300477943555, 0.003825542428304955, 0.0038004572498305336, 0.0037990945066975154, 0.00382552574648349, 0.0038030723489536596, 0.0038243541646606548, 0.0038078344434541787, 0.0038005153532731837, 0.003827565944059083, 0.0038039288193363933, 0.003808455033492917 ]
        },
        "idxs": [ 13980, 7213, 12403, 4818, 10455, 10690, 6369, 12311, 13950, 8942, 12467, 13901, 6597, 9837, 2114, 3199, 2509, 302, 4391, 5503, 4425, 13408, 8449, 12990, 12481, 4535, 12877, 12038, 13491, 9641, 7251, 7604, 4483, 11889, 3345, 86, 6277, 6764, 12549, 1869, 4045, 8578, 8004, 59, 11001, 11746, 9020, 12243, 6813, 4061, 9493, 3670, 13661, 4791, 7488, 13374, 1364, 3082, 76, 8446, 12861, 6985, 8678, 11458, 12250, 4463, 8612, 10383, 9389, 10366, 3229, 2809, 13784, 1220, 2011, 13629, 6699, 10553, 8451, 12222, 3696, 12069, 2690, 2420, 2270, 12660, 13188, 8022, 9876, 11396, 9746, 1273, 3692, 5429, 6745, 7289, 13677, 12647, 6372, 4233, 8473, 10877, 8916, 4067, 6090, 3091, 7337, 9541, 2800, 12916, 11648, 11797, 168, 5582, 10237, 4561, 622, 2986, 4568, 10376, 242, 8333, 4779, 6996, 7767, 12935, 722, 5920, 5807, 8807, 7403, 12507, 9796, 2756, 1173, 5364, 6411, 4588, 6448, 12732, 2877, 11303, 3027, 4097, 14008, 882, 9857, 10541, 7917, 377, 10500, 11991, 7987, 6802, 5321, 9034, 1781, 2096, 9962, 10319, 1610, 6965, 10284, 8162, 6150, 3351, 4064, 13202, 1575, 2169, 7880, 4916, 7112, 11725, 3763, 1415, 7642, 12591, 836, 10790, 2494, 10859, 4023, 1881, 11136, 6742, 2208, 9646, 11942, 13587, 13930, 13706, 4083, 10552, 5424, 7809, 5573, 11546, 8093, 11274, 2813, 1576, 11950, 13301, 13336, 5538, 10448, 10352, 7503, 3169, 4078, 3509, 10795, 1993, 6335, 10725, 6365, 1488, 4175, 757, 11739, 7800, 9229, 586, 10824, 13990, 11908, 12701, 6122, 12163, 13885, 6583, 13542, 11217, 1582, 9373, 79, 6141, 5492, 5107, 3324, 1698, 12883, 11754, 7025, 3017, 7774, 1579, 6938, 7186, 12486, 7636, 14024, 8393, 4760, 3392, 5760, 3917, 11279, 4204, 3031, 5761, 5095, 3280, 13711, 9731, 5955, 7548, 10481, 2375, 9850, 8729, 9065, 3665, 9582, 10517, 8577, 3192, 5767, 12191, 1545, 2177, 5907, 9161, 7998, 8816, 10317, 8054, 9180, 3752, 5710, 11811, 4341, 8790, 5966, 6304, 4587, 3679, 8043, 2587, 14, 5104, 9567, 4556, 5217, 11698, 9277, 9245, 4629, 8556, 374, 2045, 2977, 8822, 8482, 13184, 9053, 9006, 5618, 8156, 11964, 8002, 587, 10732, 7550, 4552, 13795, 13190, 962, 12240, 13353, 706, 9382, 4366, 8858, 105, 1885, 10700, 10661, 12668, 571, 7506, 3564, 7860, 5516, 417, 1387, 5361, 7497, 8122, 2923, 8546, 2334, 738, 11807, 11257, 11544, 7266, 6950, 3634, 652, 2364, 9566, 13697, 10125, 1367, 8633, 10654, 4287, 8657, 11592, 13276, 7857, 2787, 2793, 13092, 5960, 12081, 6432, 4819, 6371, 5206, 13988, 6439, 6959, 7035, 2139, 10466, 7894, 8046, 49, 12186, 10346, 9356, 5790, 10458, 561, 546, 3863, 2168, 11160, 11469, 8324, 7201, 122, 3580, 13620, 4431, 4051, 10200, 3020, 5668, 11360, 9150, 13729, 10606, 9956, 7386, 2545, 4718, 3629, 848, 5426, 13406, 7965, 1974, 7415, 4737, 4333, 12148, 9321, 2316, 6253, 2799, 2616, 3383, 5411, 13028, 6075, 13691, 13027, 7509, 8061, 3327, 10611, 1429, 3417, 11479, 9525, 2633, 3439, 11932, 5167, 13694, 12882, 9823, 5396, 10225, 6919, 2849, 946, 7365, 398, 10082, 2212, 7309, 9346, 10565, 2272, 2891, 4856, 3434, 7905, 13417, 6278, 3149, 2790, 7455, 2028, 1345, 4606, 8743, 6721, 67, 2200, 10588, 10624, 724, 7976, 9314, 6809, 8488, 4115, 9875, 322, 4033, 8903, 3099, 8417, 1620, 13386, 4026, 7638, 2155, 2584, 7990, 6532, 4504, 5213, 11590, 10773, 7101, 7356, 11025, 8334, 10928, 4135, 3568, 11248, 2022, 1004, 11310, 8660, 13444, 5510, 12402, 4778, 1823, 13939, 9626, 8819, 12623, 3502, 11548, 9904, 8873, 700, 3610, 8432, 1938, 8685, 9145, 7118, 4798, 4351, 2941, 7981, 12369, 4248, 10479, 6781, 13943, 10831, 7782, 12711, 1182, 2518, 6647, 1464, 5236, 6976, 4148, 11252, 5129, 13791, 5086, 12301, 8130, 10568, 6182, 994, 3771, 8846, 12298, 4542, 2713, 10066, 4190, 4620, 11177, 804, 2336, 1411, 5023, 11114, 5670, 6977, 11169, 11503, 1386, 5606, 8214, 3995, 12631, 3633, 11097, 3109, 9531, 1909, 1293, 5238, 2569, 10123, 6259, 4953, 4258, 13358, 10501, 3248, 599, 8234, 10468, 5204, 6934, 8430, 6302, 5009, 9264, 11506, 413, 7344, 2356, 5607, 3346, 2194, 835, 6627, 8932, 4728, 96, 8533, 11046, 11380, 9311, 5887, 12682, 1141, 9024, 349, 4146, 9254, 4824, 3044, 3459, 3943, 2103, 11178, 2196, 9861, 7431, 10746,