{
    "model": {
        "sigma": 523.8409264940548,
        "n_symm": 12
    },
    "testing": {
        "n_test": 2800,
        "energy": {
            "mae": 0.012340629756197034,
            "rmse": 0.020787855437689975
        },
        "force": {
            "mae": 0.012821620274366374,
            "rmse": 0.023127859330596735
        }
    },
    "validation": {
        "sigmas": [ 2.0, 25.0, 50.0, 100.0, 200.0, 300.0, 400.0, 500.0, 700.0, 673.0716901735248, 553.6198019248679, 664.2835655744411, 573.342578409136, 572.8874466669471, 686.9928218755622, 648.963308222093, 523.8409264940548, 638.3071148721782, 674.43550126072, 447.1038497598173, 607.2933793701131, 473.1908579117194, 423.30355493389044, 592.6702478832965, 538.3047882943636, 622.4576208773422, 486.5202077424949, 459.63015151396985, 411.3165510176284 ],
        "losses": [ 0.00013810346183152755, 4.296754257605322e-05, 4.366914159655913e-05, 4.441830231838435e-05, 4.498022913819712e-05, 4.430385245014842e-05, 4.307636391998895e-05, 4.247657827081439e-05, 4.349023371900409e-05, 4.325533121013466e-05, 4.252012220880073e-05, 4.3182035843570293e-05, 4.2590788364259654e-05, 4.258884343322289e-05, 4.3375027165679595e-05, 4.305923601033949e-05, 4.246712016411062e-05, 4.2978485692999925e-05, 4.326689825723721e-05, 4.268174342994999e-05, 4.276749973773338e-05, 4.254826200874858e-05, 4.285777245917974e-05, 4.2683674270741696e-05, 4.248426478881584e-05, 4.2865566531223305e-05, 4.250445549470818e-05, 4.260974884872786e-05, 4.296493417887883e-05 ],
        "force": {
            "mae": [ 0.03299625712141519, 0.0146268756701369, 0.014898623436107242, 0.015109549058662212, 0.015102760186943438, 0.014861081870031255, 0.014523912556232105, 0.014259363257013899, 0.014030209338198147, 0.014042605598506093, 0.014162853527850426, 0.014047664360722129, 0.014134668441075526, 0.014135282986950243, 0.014035577185250827, 0.014057747868765983, 0.014212967869780395, 0.01406606705971102, 0.014041869975329184, 0.014385474332639717, 0.014094803261151973, 0.014319271711376527, 0.014452418865684312, 0.014111013757707808, 0.014187435232595224, 0.014079748065787736, 0.014288475802145945, 0.014352609120219014, 0.01448843190926164 ],
            "rmse": [ 0.047275218772257474, 0.026612394659325304, 0.026896318545672156, 0.027180323155016842, 0.027368300181434504, 0.027090629365089818, 0.026539629448212542, 0.02605251023009723, 0.02550739983085379, 0.025555372799873768, 0.025855908193014074, 0.0255723523348989, 0.02579444486745399, 0.025795766251013454, 0.02552984456436864, 0.02560359562386647, 0.025959579538577037, 0.025626709015265325, 0.025552831878621375, 0.026291917842408974, 0.025700566021355262, 0.026168260696885, 0.026413641673570597, 0.02573923191605254, 0.025907525552461976, 0.02566313572128614, 0.026109241403563407, 0.026231204538016733, 0.026477739891965394 ]
        },
        "energy": {
            "mae": [ 0.027232358661471837, 0.009725564805908093, 0.009619243717398945, 0.009524101560263943, 0.009791360055934091, 0.010469623691866218, 0.011464369712160987, 0.01313287169785326, 0.016884087140213524, 0.016439036887539258, 0.014195180368020375, 0.01628842784001972, 0.014585834644793067, 0.01457694535990231, 0.01667284541976187, 0.016019527634223776, 0.013599171854086307, 0.01582780491023732, 0.01646215475443023, 0.012188646828904894, 0.01524342529886053, 0.012637254528610356, 0.011807936147353757, 0.014964795811807562, 0.013889511242985464, 0.015531470553738472, 0.0128813954706784, 0.012400390648112079, 0.011627425100916298 ],
            "rmse": [ 0.037336012032076926, 0.019031584400860255, 0.0186536557971586, 0.018372605651980515, 0.0183515469627132, 0.01879230704097422, 0.01986378884516732, 0.021838437009769195, 0.027100303484466504, 0.026406952245562568, 0.02319413374982286, 0.026175841411081504, 0.023720690047175454, 0.023708604312579963, 0.026768298570158777, 0.02576842806782887, 0.02242374648228025, 0.025482513342041442, 0.026442490176605805, 0.02068365402747845, 0.02464141742193418, 0.021225096290494603, 0.02024289145539051, 0.024243908426770346, 0.022793381830309975, 0.025053682642684916, 0.021523593286747467, 0.020936330433248718, 0.020041360764573773 ]
        },