{
    "model": {
        "sigma": 566.9349141877459,
        "n_symm": 72
    },
    "testing": {
        "n_test": 7769,
        "energy": {
            "mae": 0.07488761534963224,
            "rmse": 0.1112314683328346
        },
        "force": {
            "mae": 0.09815543886116664,
            "rmse": 0.17943801613444063
        }
    },
    "validation": {
        "sigmas": [ 2.0, 25.0, 50.0, 100.0, 200.0, 300.0, 400.0, 500.0, 700.0, 498.612922525277, 678.816218410172, 424.0356934183412, 452.7396408923263, 651.0550859537204, 623.9068525850563, 595.8171070007206, 566.9349141877459, 537.3256999907983, 473.5078533832768 ],
        "losses": [ 0.0163910664843072, 0.005391204026442655, 0.005425853027634023, 0.005377373244142369, 0.004666847498821415, 0.0037093342999473546, 0.00308305073208674, 0.0028118541420256195, 0.0029382081804222625, 0.0028138216397253805, 0.002893769684889216, 0.002990909616816207, 0.0029039856964307425, 0.002845167158069827, 0.0028082690940764007, 0.0027827637338692607, 0.0027715297667115276, 0.002777319524875953, 0.0028567136397955016 ],
        "force": {
            "mae": [ 0.3176721776157768, 0.14592098988365612, 0.14610154536919043, 0.1445491568829852, 0.13300939366728448, 0.11756657224170904, 0.10638873784914459, 0.10065661259425963, 0.10108504146093937, 0.10071253489901538, 0.10048498395941471, 0.10459359737447674, 0.1027915400841126, 0.09985482459050272, 0.09943514719613065, 0.09921378246151058, 0.09927033498078469, 0.09965955447733041, 0.10173720779819241 ],
            "rmse": [ 0.4419341005006256, 0.2533184789689259, 0.2541344789474226, 0.25297990967457273, 0.23545362131419645, 0.20933967640933865, 0.18994991378571188, 0.18039703179649913, 0.1822342757829876, 0.1804907495734716, 0.18105209735585417, 0.1868536608428822, 0.18384123727873963, 0.17981910819872393, 0.1789545169500878, 0.178445877893686, 0.17839908219889386, 0.17890320115225242, 0.1821171475208061 ]
        },
        "energy": {
            "mae": [ 0.08323404886984394, 0.040294753748945825, 0.04036507857411925, 0.040535251552501, 0.04145661760024086, 0.045746064484148516, 0.05557186030758021, 0.06671054302591074, 0.09326499010137923, 0.06596779157701531, 0.09059427950077224, 0.05776318466308294, 0.06046652826377249, 0.08661542390359682, 0.08244461478470476, 0.07854828863650619, 0.07469609375108849, 0.07088438846335339, 0.06323717039376789 ],
            "rmse": [ 0.10751157404319342, 0.06609314955561531, 0.06620063832335167, 0.06643569765529263, 0.06854209144070737, 0.07576891844074536, 0.0873517333276557, 0.09996501985362688, 0.1306766650591315, 0.09953847644298669, 0.1273242010812325, 0.09021385847933924, 0.09355158260691741, 0.12271560018506024, 0.11812810814526548, 0.11366007321478529, 0.10924455253888886, 0.10493962216389571, 0.09634608867822002 ]
        },
        "idxs": [ 3239, 8551, 91, 770, 10164, 8206, 6487, 9085, 3626, 2431, 6132, 7408, 9206, 5775, 1112, 185, 496, 1315, 2220, 9606, 8074, 9704, 5118, 4211, 610, 7811, 7964, 5052, 3628, 3875, 4129, 6659, 6442, 10027, 4307, 1774, 7459, 3966, 6324, 6643, 6321, 3437, 890, 5922, 5813, 9906, 7900, 6787, 6018, 5992, 7859, 4950, 3481, 1266, 1109, 519, 7602, 3682, 3041, 2289, 7032, 9522, 7903, 6476, 6714, 3629, 1858, 9735, 6646, 739, 3923, 141, 1775, 7180, 3075, 5468, 6094, 8665, 4521, 7630, 2677, 4208, 782, 1587, 5687, 4631, 5295, 534, 1528, 7155, 4167, 523, 5774, 2516, 8710, 5202, 3065, 3357, 6032, 6176, 7200, 4352, 7044, 6501, 10030, 9770, 1061, 6472, 1129, 3506, 3980, 3519, 1425, 3560, 3412, 8982, 2245, 2807, 5192, 8730, 8638, 4530, 946, 9553, 1196, 4359, 540, 4436, 3467, 7400, 3130, 4662, 1283, 3911, 8720, 10113, 1505, 10033, 4275, 8655, 2213, 3709, 2145, 3594, 4312, 9953, 7433, 952, 5756, 7562, 6927, 7183, 209, 4600, 1014, 9087, 6134, 3010, 6729, 4250, 31, 600, 823, 8190, 893, 458, 2849, 2249, 4712, 8032, 9457, 9196, 3228, 3725, 8999, 5958, 5105, 3242, 3821, 2325, 1338, 2077, 4669, 6410, 6160, 980, 7437, 2794, 2566, 2786, 896, 8268, 5290, 8716, 7434, 5880, 10043, 6986, 1207, 1052, 1922, 8590, 1651, 7744, 2819, 4698, 5705, 5343, 7699, 2416, 7569, 7695, 5376, 8476, 9148, 6829, 3786, 1058, 9224, 8431, 968, 8891, 6236, 3436, 7838, 3232, 7670, 1702, 577, 5803, 6512, 1335, 6469, 7758, 3152, 2700, 5824, 3343, 1734, 3486, 2824, 2384, 10116, 3455, 2382, 6305, 9092, 877, 6549, 5395, 807, 6304, 5163, 995, 6965, 7271, 9299, 8878, 9404, 8827, 7986, 1133, 3553, 7775, 1192, 5979, 3133, 984, 7644, 1870, 1450, 3762, 7515, 8900, 6939, 2453, 3281, 7953, 7216, 370, 1427, 9938, 9934, 5144, 6759, 3843, 1163, 7445, 9712, 2355, 478, 9867, 8127, 2419, 6959, 8838, 5120, 4782, 3358, 7860, 5124, 2008, 9123, 5168, 293, 8100, 655, 4679, 9218, 7306, 8500, 4946, 7252, 8294, 5600, 5365, 6573, 7186, 6333, 7564, 7671, 2893, 7692, 1092, 2072, 2637, 2946, 2728, 8530, 3071, 4210, 6003, 6815, 8271, 3425, 5574, 7045, 3526, 9669, 8407, 2759, 8492, 3675, 498, 8680, 985, 3936, 5277, 3462, 1406, 4939, 6772, 5702, 9328, 1280, 549, 3919, 2146, 6579, 620, 8651, 3347, 955, 1330, 3533, 5948, 9082, 598, 7543, 1994, 1438, 7645, 3402, 9191, 5564, 9849, 390, 1619, 8794, 5875, 7578, 9955, 2653, 5954, 1475, 4520, 3932, 8903, 8780, 4277, 10060, 5829, 925, 324, 6820, 1357, 5841, 4714, 7268, 1290, 7668, 7738, 2912, 9131, 9951, 9897, 3542, 7662, 1449, 1968, 8487, 8355, 9498, 7998, 6049, 9616, 5420, 941, 5896, 9528, 1835, 5394, 7359, 6632, 7856, 4300, 3886, 9094, 4898, 7432, 2867, 1579, 6316, 7893, 6621, 8628, 2650, 455, 6539, 6969, 288, 6111, 8140, 108, 7356, 7980, 2128, 8280, 102, 4921, 9361, 5586, 9775, 6644, 7857, 8943, 6025, 2681, 8911, 5471, 3913, 4487, 7637, 3570, 5832, 9999, 886, 8864, 2278, 5237, 2367, 2371, 3810, 7178, 189, 9871, 6786, 4560, 7991, 7128, 8750, 1393, 3567, 7705, 5549, 3701, 9732, 8704, 7717, 2013, 6488, 2616, 4746, 3925, 8677, 1267, 6693, 580, 6800, 7190, 6916, 986, 7326, 1889, 10050, 7745, 6390, 4915, 8141, 5003, 3213, 4500, 7125, 4062, 3261, 2390, 3292, 4953, 8967, 7223, 6447, 4319, 1630, 7533, 8792, 7177, 9504, 1241, 10124, 5312, 3960, 778, 6830, 4904, 3744, 6088, 213, 551, 5869, 5280, 66, 6915, 6124, 4330, 8370, 9068, 320, 7589, 9860, 9164, 9173, 9100, 6070, 1502, 9582, 9456, 3029, 910, 4451, 8117, 2773, 6106, 5493, 6460, 4136, 4857, 5194, 8153, 8914, 5643, 8225, 4877, 3072, 4366, 8512, 9477, 8449, 6901, 9913, 2864, 3953, 3327, 9261, 7753, 7287, 5069, 769, 1384, 3651, 2353, 4716, 3035, 1493, 8697, 139, 2510, 9373, 7204, 3148, 8230, 8023, 3122, 7028, 2457, 9370, 8918, 5901, 2642, 1847, 5167, 3039, 776, 5324, 9884, 5033, 6865, 5122, 5488, 2630, 3827, 2599, 9167, 4140, 6431, 225, 7960, 7843, 875, 1802, 5925, 1972, 2555, 9540, 4212, 5241, 3582, 7328, 6667, 2115, 4107, 4822, 5353, 4364, 3602, 4764, 5427, 323, 9853, 9663, 4963, 4095, 665, 5181, 3095, 7330, 8434, 3489, 6981, 2825, 2237, 6513, 5620, 3929, 6987, 7721, 4837, 8442, 3956, 900, 1594, 7213, 3464, 7864, 133, 1871, 1155, 7740, 7676, 3282, 6057, 9723, 7130, 6427, 8896, 6784, 6058, 7559, 5883, 6566, 8242, 2748, 2157, 6783, 5434, 887, 3824, 8347, 8950, 516, 9863, 1691, 9022, 1791, 8550, 3196, 7024, 3, 9957, 5227, 5140, 1257, 1501, 10167, 358, 6925, 9729, 3221, 8222, 1765, 7486, 3301, 3275, 7689, 8908, 5798, 3371, 2705, 9327, 8642, 264, 3383, 4812, 7648, 6649, 6872, 566, 4641, 8534, 635, 1027, 473, 3946, 4204, 2336, 7188, 9279, 5078, 7282, 1157, 7147, 2162, 2100, 8632, 9179, 4139, 998, 3473, 5006, 978, 490, 5827, 2652, 5845, 9613, 8835, 5285, 1122, 3761, 4597, 5606, 5625, 4544, 3882, 8640, 733, 2467, 4985, 7549, 2979, 9733, 9441, 6453, 3864, 8524, 7138, 3003, 8598, 1756, 2080, 967, 545, 3226, 8834, 6580, 3411, 10, 891, 2766, 3099, 2192, 7708, 222, 6552, 1064, 2722, 8484, 3366, 744, 3446, 4580, 9333, 883, 3754, 9077, 7165, 9265, 4012, 4393, 8761, 8727, 8635, 606, 3747, 1844, 1719, 9480, 1586, 8618, 5906, 7299, 5187, 9694, 3712, 4607, 8202, 4228, 4288, 5067, 277, 9560, 3677, 2813, 5121, 7690, 2377, 9816, 4802, 3352, 1059, 3573, 5624, 88, 8674, 7601, 6416, 9089, 6889, 9542, 9072, 6342, 9808, 8521, 9383, 6100, 9451, 9851, 5995, 9114, 8828, 8919, 4435, 4141, 2347, 8101, 2444, 