{
    "model": {
        "sigma": 589.2736090781332,
        "n_symm": 12
    },
    "testing": {
        "n_test": 2400,
        "energy": {
            "mae": 0.008193387841159468,
            "rmse": 0.010858722719928326
        },
        "force": {
            "mae": 0.007274295313659012,
            "rmse": 0.010866590947897076
        }
    },
    "validation": {
        "sigmas": [ 2.0, 25.0, 50.0, 100.0, 200.0, 300.0, 400.0, 500.0, 700.0, 474.6923743106257, 629.5354783945967, 470.61711762940115, 405.89657233497184, 589.2736090781332, 684.1411634353974, 554.8517836195718, 462.0610437527988, 512.8586583289441, 481.8597233869179, 655.3163385892335, 434.18424421160876, 609.0123160630098, 535.2939041293571, 572.0996083773288, 669.1408336459376, 641.8970662544097, 524.6412849801336, 447.0130255976671, 599.1897947776739 ],
        "losses": [ 2.2462363808604037e-05, 1.2419798249537574e-05, 1.2662242278551278e-05, 1.2588935327464504e-05, 1.1207949180714536e-05, 9.887101874846597e-06, 8.995976049948636e-06, 8.530717905410837e-06, 8.599968696551007e-06, 8.612417664219257e-06, 8.45155158277401e-06, 8.628046833683915e-06, 8.957516455799207e-06, 8.419116468925577e-06, 8.558320151699087e-06, 8.43039747857217e-06, 8.662222286962826e-06, 8.49756614100024e-06, 8.586949290376387e-06, 8.494649519172305e-06, 8.792872679862039e-06, 8.42893364236613e-06, 8.454586769545613e-06, 8.420690849628027e-06, 8.522906295383168e-06, 8.469699166793154e-06, 8.47277366534533e-06, 8.728953631200008e-06, 8.423103792866416e-06 ],
        "force": {
            "mae": [ 0.013891607514505357, 0.009820254199753521, 0.009922960124147551, 0.009874831866192433, 0.00924120849354587, 0.008610431235028188, 0.008112603721784907, 0.007752956795341295, 0.007319441383567816, 0.007832354698873995, 0.00743583814847703, 0.007845953708581465, 0.008087964894988876, 0.007519087759097786, 0.007342822674470236, 0.0076009229678547785, 0.007874790995470575, 0.0077149223931883846, 0.007809086695533035, 0.0073890577366436385, 0.007975655806039943, 0.007476720023288718, 0.007652373578718921, 0.0075587831655563546, 0.007366168445177984, 0.007412597300282828, 0.007681512851112199, 0.007928058069001168, 0.007497541678469411 ],
            "rmse": [ 0.019528582019670025, 0.014643635732006265, 0.01479174128345377, 0.014751285364196886, 0.013884077901769537, 0.0129426512666106, 0.012185478990269342, 0.011637648722711386, 0.010992918634964561, 0.011758777191861058, 0.011166079547921464, 0.011779528177229426, 0.012147770896831623, 0.011288444787981194, 0.011027925397252973, 0.011409556257366745, 0.011823485532954772, 0.011579879785980728, 0.011723320707853842, 0.011097162210995527, 0.011976548177013676, 0.011226068228347853, 0.011485945262665968, 0.011347362086046212, 0.011063067107679387, 0.011132104905107305, 0.01152949278907822, 0.011904295450141747, 0.011256636415966052 ]
        },
        "energy": {
            "mae": [ 0.008562543286441439, 0.004698837139675021, 0.004708719508622608, 0.004664300853713485, 0.004646928666476015, 0.00521517066029628, 0.006143934125335363, 0.007299178845001733, 0.010381127250133432, 0.006993846348428633, 0.009210417268972378, 0.0069458865748092645, 0.0062046801285832775, 0.008562434271305392, 0.01011836533974565, 0.008040747891856881, 0.006845532354243914, 0.0074621468512632416, 0.007079707922683156, 0.009642161740310257, 0.00651965403779468, 0.008874037000932731, 0.007762467299427953, 0.008297944529091182, 0.009868841020157561, 0.009415466071397531, 0.007618489340318774, 0.006667814868167625, 0.008718151553810458 ],
            "rmse": [ 0.011293319769741295, 0.007118169646126132, 0.007119905905001077, 0.007071231229579267, 0.007061423396980565, 0.007621465278388187, 0.008641524645821061, 0.010032739324655805, 0.01373462300234278, 0.009647877402745926, 0.012348323327350553, 0.009588059393551398, 0.008713641426100023, 0.011574663592270214, 0.013423574652910374, 0.010946633329294147, 0.00946490330329783, 0.010236800357381436, 0.009755009769224643, 0.012857484246745238, 0.009078057183605822, 0.01194808159754091, 0.01060807430290255, 0.011257049391743002, 0.01312776097687633, 0.01258986042283469, 0.010429850857250835, 0.009252301574723827, 0.011762464988811382 ]
        },