{
    "model": {
        "sigma": 898.1575452405252,
        "n_symm": 12
    },
    "testing": {
        "n_test": 2300,
        "energy": {
            "mae": 0.010823688874617168,
            "rmse": 0.014548321109554674
        },
        "force": {
            "mae": 0.009920675468492277,
            "rmse": 0.014961153373788326
        }
    },
    "validation": {
        "sigmas": [ 2.0, 25.0, 50.0, 100.0, 200.0, 300.0, 400.0, 500.0, 700.0, 900.0, 1100.0, 898.1575452405252, 722.1939940713593, 1077.1170970234887, 1052.7461596569246, 1028.379825141585, 1003.7497879159987, 978.9060316107693, 953.6992240390697, 929.2813668334875, 748.2778075320609 ],
        "losses": [ 0.0007396517360956644, 2.9022057925454243e-05, 2.930893947703855e-05, 2.9384197454518382e-05, 2.7978009936970103e-05, 2.5039975507012684e-05, 2.186644217200348e-05, 1.929099299054707e-05, 1.658106248335795e-05, 1.6127565100800487e-05, 1.691176619955015e-05, 1.6123165756687945e-05, 1.644314389663577e-05, 1.677349387980129e-05, 1.6641989194763704e-05, 1.652410244264185e-05, 1.641457144573001e-05, 1.632038567171744e-05, 1.6241208246713004e-05, 1.6179868655563067e-05, 1.6316754652158005e-05 ],
        "force": {
            "mae": [ 0.07723093230532835, 0.015134874168673007, 0.015210732738533352, 0.015215977249987241, 0.01475172711752045, 0.013807272969119435, 0.012728073041843146, 0.011778754715987477, 0.01064048086341946, 0.010266716739770391, 0.010267592039411053, 0.01026750883277003, 0.010568989949990696, 0.010255088516633983, 0.010246002828704583, 0.010239166868119853, 0.010236264098769605, 0.010236639074324835, 0.010241717848131176, 0.01025078257588757, 0.01049706465105441 ],
            "rmse": [ 0.10768122355656067, 0.02224138881533552, 0.022362550657628346, 0.0223999711364347, 0.021831033692098115, 0.020558718671354198, 0.019071713361615086, 0.01776317667131017, 0.01621364821376247, 0.015733007241695792, 0.015796883249224604, 0.01573325114618919, 0.01611893048007749, 0.01577104782018626, 0.015750685486263107, 0.015733018065335544, 0.015720289558072705, 0.01571242838971699, 0.015711716613773886, 0.015717838881810917, 0.016024782392097703 ]
        },
        "energy": {
            "mae": [ 0.0779562141802297, 0.008698407124815035, 0.008619116145739611, 0.008533518057806418, 0.008461588382735953, 0.00866483227824756, 0.009087073317918111, 0.009559720153205489, 0.01030998010012263, 0.011494292360410326, 0.013026778283310704, 0.01148002793683554, 0.010411763191212231, 0.012843638186255703, 0.012649391591519815, 0.012467940310612904, 0.012271953445466352, 0.012085272824719141, 0.011897677420973196, 0.011714385694416705, 0.01053722614529761 ],
            "rmse": [ 0.09770947136747235, 0.012409151243077853, 0.012355214524802429, 0.012282970882988799, 0.012249749838701657, 0.01248524589673316, 0.012881017158864964, 0.013272240950710593, 0.014058752967615782, 0.015414397120721726, 0.017459520039583277, 0.015398735877286882, 0.014172875172485232, 0.017191234925879692, 0.01691017317385658, 0.01665099038151897, 0.016386780280574827, 0.016139416241152095, 0.01589614025292089, 0.01566793907697573, 0.014319360054128653 ]
        },
        "idxs": [ 2796, 3082, 3396, 2270, 4980, 1645, 419, 3118, 1708, 1023, 4095, 1113, 2156, 545, 4474, 2417, 3452, 1025, 1665, 4968, 884, 3231, 2722, 2351, 246, 3145, 3130, 463, 3161, 1049, 2167, 3295, 1461, 4947, 4294, 4962, 2946, 1520, 1762, 4346, 1621, 1781, 4711, 1638, 1362, 4407, 4300, 4230, 2848, 4169, 4458, 3173, 1538, 1808, 3282, 1642, 4215, 3136, 1077, 4734, 4647, 215, 4228, 693, 2349, 259, 4871, 2479, 1465, 1063, 3702, 2548, 2817, 1918, 916, 3433, 3040, 3157, 4359, 742, 3331, 1144, 1094, 4275, 3940, 4106, 3878, 634, 4914, 3627, 4591, 2069, 3240, 1620, 3448, 1714, 947, 1625, 541, 3541, 4026, 1629, 360, 3807, 3961, 2249, 3301, 2023, 2515, 622, 92, 3140, 1867, 3698, 4028, 2789, 208, 1104, 2318, 3559, 3333, 1932, 77, 4250, 4612, 3643, 1186, 848, 3750, 3706, 250, 368, 22, 2816, 341, 2107, 4517, 1106, 3833, 1687, 4260, 1331, 3654, 3403, 3552, 4959, 3755, 2845, 3416, 2837, 837, 2365, 1504, 3511, 2127, 3584, 3815, 647, 1898, 2452, 39, 2526, 3705, 4819, 4357, 2699, 3307, 2767, 3555, 1184, 4281, 1831, 2488, 763, 4423, 4930, 4438, 2760, 4738, 4053, 989, 1927, 3381, 1279, 4174, 271, 151, 2538, 4302, 2419, 194, 2193, 418, 1912, 2237, 1373, 4170, 46, 4097, 1726, 120, 358, 1540, 2632, 1612, 35, 4865, 1459, 3243, 3880, 2687, 178, 156, 3572, 1173, 600, 332, 1100, 2781, 3253, 4437, 4783, 1592, 62, 133, 770, 2988, 4510, 3682, 3227, 2413, 353, 2296, 3070, 1209, 299, 1085, 424, 3834, 2467, 2258, 985, 3144, 2285, 4631, 4196, 3317, 686, 2392, 2586, 2463, 2916, 4987, 1316, 2450, 3156, 4659, 491, 1187, 354, 3052, 1766, 4378, 3164, 792, 3080, 3615, 1341, 3292, 4723, 4604, 2734, 430, 213, 3568, 3000, 410, 2742, 2098, 4486, 1425, 2764, 4400, 886, 4575, 101, 4210, 1756, 862, 385, 2940, 4016, 3126, 4222, 2360, 3760, 3018, 3732, 2364, 1176, 1248, 2532, 3669, 1493, 934, 1035, 108, 914, 4070, 4675, 4319, 4796, 2423, 1903, 4015, 3846, 3463, 1343, 4703, 3704, 2685, 197, 1281, 3979, 4063, 1483, 2122, 715, 4279, 840, 4534, 202, 1329, 4966, 1899, 436, 2459, 2939, 3155, 3558, 885, 331, 2461, 3574, 4582, 858, 3133, 2021, 2974, 3304, 4770, 2322, 2743, 642, 1326, 2324, 1758, 2172, 651, 4940, 4160, 4686, 3359, 1649, 4728, 3804, 3660, 3211, 4076, 2989, 987, 2493, 1560, 3192, 4235, 4611, 4256, 709, 377, 2869, 1498, 3486, 2045, 747, 2724, 1237, 4554, 829, 4440, 636, 2048, 98, 3043, 2185, 1008, 318, 4651, 334, 4566, 4820, 612, 4788, 1617, 529, 1468, 4681, 72, 4082, 4418, 2768, 3637, 4557, 4860, 1557, 790, 294, 2281, 2214, 3029, 1360, 4049, 4902, 624, 4177, 4374, 4778, 994, 712, 619, 3437, 2089, 3289, 1475, 2003, 1588, 3321, 2019, 3485, 3150, 908, 4401, 2553, 4986, 2215, 746, 2690, 1369, 3941, 3045, 4809, 1487, 4144, 1981, 4211, 2964, 2264, 640, 1675, 593, 4720, 2824, 1680, 2820, 899, 3414, 2917, 1363, 4580, 2112, 3066, 3285, 4941, 3789, 2341, 4916, 2344, 1372, 1634, 4426, 2448, 4332, 1324, 1575, 152, 2168, 3264, 1890, 1702, 3920, 2534, 1142, 3829, 4648, 6, 4503, 765, 248, 2658, 2655, 2204, 3999, 2199, 4309, 4858, 3496, 853, 1978, 2049, 289, 293, 4227, 4894, 783, 1600, 4663, 123, 1428, 305, 3322, 3251, 1887, 1396, 414, 4641, 3074, 882, 2544, 3291, 910, 3360, 1803, 1273, 87, 3957, 1598, 4764, 3313, 1849, 3087, 1605, 210, 1497, 4258, 4789, 3783, 51, 3944, 1582, 822, 1236, 1759, 1942, 810, 2380, 3612, 1568, 1672, 4996, 3956, 2035, 1995, 254, 3910, 4055, 3839, 4731, 3799, 4261, 1984, 1525, 3342, 3449, 2357, 4875, 2212, 1933, 3769, 3330, 1312, 4450, 641, 3903, 4945, 3181, 1596, 1054, 787, 1044, 2863, 999, 4129, 153, 2702, 3242, 17, 3123, 4528, 2495, 1139, 1140, 698, 1925, 4244, 313, 2498, 1464, 287, 1934, 3373, 2320, 2588, 1204, 2435, 2333, 4862, 1880, 4478, 2105, 2656, 4671, 1119, 4286, 3737, 589, 2726, 1285, 1194, 945, 4088, 3821, 1151, 3914, 4364, 2484, 3942, 2823, 4123, 4059, 3215, 4669, 492, 1342, 4175, 3142, 4146, 876, 4366, 2736, 4405, 4120, 181, 2367, 1807, 356, 2994, 420, 645, 1994, 3560, 1143, 971, 3765, 3151, 2014, 3537, 3473, 690, 3372, 84, 1051, 668, 4762, 4013, 4840, 1213, 2328, 4724, 3091, 4052, 507, 3782, 4608, 1123, 2556, 1393, 258, 4408, 1917, 4981, 1531, 931, 3832, 4483, 530, 3034, 4598, 2028, 794, 4099, 44, 1476, 3228, 2309, 3092, 4915, 2078, 3808, 4491, 2502, 2593, 2576, 167, 1481, 2377, 1399, 4507, 4807, 1027, 4953, 3259, 2316, 990, 4341, 4878, 1521, 1007, 4754, 1633, 1854, 1161, 4406, 3305, 2173, 1663, 2609, 166, 171, 29, 2967, 284, 2886, 2839, 3506, 1215, 2954, 659, 2160, 2753, 3197, 34, 447, 2288, 155, 2706, 4046, 4543, 2434, 3049, 1056, 3743, 3046, 4642, 1031, 4899, 2005, 401, 2233, 2490, 3097, 1937, 951, 500, 4763, 4296, 3521, 975, 209, 302, 687, 3170, 4943, 1000, 2238, 2628, 4931, 2881, 4303, 1996, 1263, 1424, 4116, 663, 4456, 1337, 1548, 2363, 3948, 233, 4502, 3892, 4433, 4629, 337, 4336, 1527, 1975, 4607, 4033, 4340, 1266, 2756, 4677, 2081, 435, 374, 1124, 3955, 114, 1576, 1651, 16, 834, 2263, 1442, 3593, 2681, 827, 1444, 1150, 1833, 4352, 257, 1678, 2090, 1486, 1888, 