{
    "model": {
        "sigma": 447.16174698982655,
        "n_symm": 48
    },
    "testing": {
        "n_test": 2500,
        "energy": {
            "mae": 0.010043485410080757,
            "rmse": 0.013429535679277335
        },
        "force": {
            "mae": 0.014342723636031602,
            "rmse": 0.022314635164315443
        }
    },
    "validation": {
        "sigmas": [ 2.0, 25.0, 50.0, 100.0, 200.0, 300.0, 400.0, 500.0, 700.0, 900.0, 1100.0, 1500.0, 402.5901277698388, 458.6758865872407, 344.44728531603846, 434.44310899343805, 368.61124327280544, 481.4036930311109, 321.5671779580644, 420.8905074419278, 447.16174698982655, 382.9000238468745 ],
        "losses": [ 0.0004982961016941859, 0.0003669571180249691, 0.0003620054717301151, 0.00031265706089373974, 0.000171286123517246, 9.310834325440799e-05, 7.193816308523118e-05, 7.226863255036596e-05, 9.810217989333119e-05, 0.0001370049511895611, 0.00017835319481569143, 0.0002786684861418333, 7.169006819229281e-05, 7.05395651617769e-05, 7.954689635937193e-05, 7.041985467166206e-05, 7.523681211970728e-05, 7.127768775305762e-05, 8.543803304192834e-05, 7.077400673851462e-05, 7.037540964959414e-05, 7.343781315817925e-05 ],
        "force": {
            "mae": [ 0.045778539721680285, 0.03575166423787289, 0.03543691261607602, 0.03257449125549315, 0.023845525577705678, 0.017781231639683464, 0.015653789790082407, 0.015620058646469637, 0.018200271600018154, 0.021534144047220018, 0.024686100499637695, 0.03146811079620008, 0.01562023119535513, 0.015449488139398813, 0.016482899888300165, 0.015453258713057104, 0.01602719161105459, 0.015519309440404151, 0.017063052205422827, 0.015507465566445632, 0.015438399761212324, 0.01582630048123434 ],
            "rmse": [ 0.06682134361790974, 0.057332796920737436, 0.05694362930907896, 0.052909411162296006, 0.03909395125485919, 0.028687327177892418, 0.025068451380877158, 0.024994309328585936, 0.02890981939331253, 0.034030954204482315, 0.03876908724286505, 0.04853783843220718, 0.02502078958439749, 0.024743444144650715, 0.026446427268241788, 0.024756068905176475, 0.02568155556636849, 0.024844445163173776, 0.027442901406871074, 0.024835409173039447, 0.024730039443639086, 0.025351602913401158 ]
        },
        "energy": {
            "mae": [ 0.010010104095828339, 0.008024127057309897, 0.007977000348008006, 0.007645358469239, 0.0075618962180633385, 0.008660270550371933, 0.010113414270115754, 0.012139927538246411, 0.016631063282100515, 0.020889780565292313, 0.024236952174705947, 0.029948617403915703, 0.010167623291967175, 0.011251973027461644, 0.00925408143202003, 0.010706048283314885, 0.00965816789857854, 0.011728976041824353, 0.00903917005013136, 0.010486992848582304, 0.010995053352617105, 0.00987690388827832 ],
            "rmse": [ 0.014747109827919979, 0.0131506060148494, 0.013111626173082579, 0.012696350526721766, 0.012128060639098038, 0.012915257419134954, 0.014535861069047551, 0.01689911047634552, 0.022886668046905326, 0.028855717060821642, 0.033687555845567686, 0.04110888192828786, 0.01459478685617324, 0.01585281549355488, 0.013543572473048535, 0.015244578055132714, 0.013979752330063846, 0.01641568840116396, 0.013262084531185882, 0.01496978878138672, 0.015564859267808765, 0.01423475720623578 ]
        },
        "idxs": [ 3810, 1129, 1632, 3943, 247, 4884, 201, 1977, 576, 820, 4718, 4045, 751, 1215, 1274, 2107, 2910, 4125, 2904, 4788, 1233, 82, 4842, 3691, 816, 36, 3213, 1315, 2858, 4190, 2719, 3876, 4277, 3705, 2116, 2224, 4187, 4976, 3260, 1360, 3104, 1081, 1342, 2341, 2890, 476, 1059, 1168, 4410, 2788, 3986, 1435, 3475, 242, 3400, 1321, 3957, 2181, 105, 1689, 654, 3242, 3998, 1132, 1477, 3855, 455, 1748, 4595, 2366, 279, 1627, 3059, 153, 3152, 3076, 3282, 2185, 781, 1705, 4750, 1802, 1371, 4917, 4588, 3141, 259, 4393, 580, 2072, 3532, 4868, 3131, 2296, 1276, 1020, 281, 4349, 4442, 4693, 708, 1026, 4224, 3796, 1506, 346, 652, 2184, 2374, 2596, 483, 2900, 604, 830, 1456, 3153, 3021, 2544, 2515, 762, 4263, 2048, 2569, 1778, 886, 3269, 3745, 775, 317, 3227, 2826, 817, 774, 1229, 1544, 603, 3961, 1314, 3761, 588, 2811, 1572, 2785, 2000, 160, 1289, 801, 1071, 2415, 4521, 1470, 2106, 4121, 3192, 492, 69, 2863, 1846, 1531, 2424, 1822, 1986, 1369, 2714, 4618, 4237, 3675, 1153, 2929, 4485, 506, 2646, 3940, 401, 2292, 3264, 1027, 292, 498, 1579, 4119, 1050, 2303, 1462, 216, 4900, 3600, 3572, 572, 1782, 3207, 3226, 4934, 4269, 1, 3058, 2315, 429, 2145, 214, 2784, 1134, 1452, 4606, 1987, 836, 923, 4813, 733, 3569, 2935, 1443, 4997, 4949, 1389, 4042, 1126, 1147, 3045, 3938, 3962, 2886, 1018, 1012, 3017, 441, 3008, 899, 3671, 2468, 1826, 1762, 4032, 3560, 663, 4979, 1750, 1237, 2517, 2845, 4932, 1690, 1891, 1033, 2608, 275, 4492, 3453, 1695, 563, 4889, 3963, 1789, 3862, 1729, 3416, 3178, 356, 1600, 4358, 1358, 2777, 3304, 2267, 399, 1317, 684, 1176, 3812, 3566, 2304, 898, 2925, 1078, 3348, 4308, 1704, 262, 728, 4789, 1035, 4335, 3824, 2051, 329, 2584, 566, 1279, 324, 1563, 3109, 431, 3713, 1048, 909, 2860, 131, 3979, 2260, 1728, 2972, 583, 3818, 158, 1251, 623, 2691, 939, 337, 2794, 1971, 1203, 321, 260, 1467, 2109, 397, 1830, 1460, 3817, 4030, 815, 4734, 3315, 2587, 4219, 4207, 3720, 3133, 4748, 633, 3411, 3914, 4995, 3672, 2506, 569, 575, 4188, 108, 1561, 557, 2993, 2454, 2738, 630, 3274, 3548, 3734, 1643, 4848, 2171, 4936, 2125, 2100, 1768, 4738, 2917, 1941, 298, 1154, 4160, 3476, 233, 4236, 1256, 507, 1302, 2629, 3205, 3757, 3616, 1639, 1485, 163, 2065, 957, 477, 1770, 3053, 2363, 2652, 2124, 1249, 1205, 1232, 1905, 1774, 3295, 3958, 4230, 1300, 2764, 4964, 1753, 1875, 4576, 3990, 3417, 3066, 1248, 3718, 645, 1138, 2798, 3474, 2566, 1183, 607, 183, 4243, 130, 648, 1673, 2678, 4765, 330, 4109, 2969, 4169, 3024, 64, 2298, 3890, 3298, 3614, 4242, 4476, 3161, 635, 1920, 753, 3013, 4626, 4736, 2458, 797, 1341, 4141, 1319, 4988, 1609, 2456, 1715, 1670, 3191, 1419, 2647, 749, 1167, 994, 1211, 4855, 60, 3327, 4150, 906, 4467, 3973, 4641, 4142, 491, 724, 967, 3000, 303, 51, 1853, 3679, 3850, 697, 3047, 2049, 204, 861, 660, 2766, 4530, 297, 1480, 3509, 1486, 3578, 2247, 1224, 2444, 4095, 410, 2693, 718, 1594, 559, 4609, 2545, 3224, 3108, 2251, 1077, 4634, 194, 4325, 870, 428, 120, 3063, 4175, 2411, 2619, 1847, 1558, 4777, 2211, 3052, 93, 3554, 2816, 943, 4333, 2283, 2401, 1472, 1039, 2248, 1313, 4671, 1680, 2159, 2716, 2710, 3299, 150, 2952, 3467, 4122, 3959, 2567, 1701, 351, 3951, 2316, 1692, 4279, 2927, 1944, 4147, 2934, 3857, 737, 3619, 4796, 896, 2354, 539, 1885, 3244, 2096, 4901, 3246, 2966, 4990, 2369, 3717, 1372, 2840, 1092, 897, 912, 4078, 2178, 2318, 4834, 4996, 3540, 1006, 3648, 3083, 3673, 1508, 2970, 3722, 1008, 4403, 827, 37, 4330, 419, 1478, 118, 1348, 1121, 1677, 3038, 3167, 3272, 3615, 3584, 2711, 4845, 2705, 776, 176, 3749, 3135, 1661, 1362, 213, 148, 3606, 95, 2712, 4807, 4672, 3552, 2661, 4445, 3887, 350, 3946, 3782, 1464, 2257, 4214, 613, 3291, 2668, 4345, 2135, 413, 4353, 3965, 3016, 1265, 1273, 4914, 3864, 1076, 1926, 2852, 3500, 1022, 3094, 626, 1809, 3727, 3323, 266, 930, 4923, 1367, 4404, 2594, 1837, 1660, 1937, 3740, 657, 4516, 3736, 1326, 2005, 390, 4400, 2409, 2355, 889, 814, 3428, 3454, 52, 535, 75, 2510, 48, 4815, 3071, 687, 2581, 1100, 2592, 1124, 1339, 3593, 2255, 2099, 1960, 245, 746, 2991, 3655, 734, 1142, 35, 636, 4422, 4735, 4899, 1993, 1373, 1764, 1595, 2745, 394, 895, 4896, 2079, 2615, 1135, 2692, 1607, 1989, 1723, 2419, 4446, 1182, 2287, 2295, 3366, 2087, 1650, 1041, 1587, 2071, 478, 3236, 2740, 2348, 365, 3632, 50, 3541, 177, 885, 4948, 2523, 274, 1498, 232, 822, 3386, 3596, 812, 3143, 4698, 2778, 2240, 750, 1324, 282, 3443, 1850, 945, 2447, 2213, 4367, 4894, 3300, 4688, 3823, 1803, 2656, 299, 3001, 764, 2039, 4649, 2062, 4773, 186, 1440, 59, 4847, 138, 2488, 4003, 1172, 888, 799, 4754, 606, 4046, 2560, 2495, 3687, 1174, 3036, 4752, 4833, 3695, 2214, 2067, 2055, 2302, 3726, 2146, 3819, 595, 4766, 2833, 709, 2345, 3429, 3635, 215, 519, 315, 1663, 1226, 4001, 3898, 3660, 1845, 2404, 3974, 42, 3544, 2422, 4245, 3347, 3953, 4643, 4597,