E_unit,R_unit,E_mae,E_rmse,E_sse,E_max_abs_err,F_mae,F_rmse,F_sse,F_max_abs_err
kcal/mol,Angstrom,0.0010122129710798617,0.0012682666494728077,0.0032170005883299635,0.005710566358175129,0.02169347204237914,0.028819481746841964,14.950125506818031,0.16026619887735194
