{
    "model": {
        "sigma": 936.4696492518136,
        "n_symm": 12
    },
    "testing": {
        "n_test": 2600,
        "energy": {
            "mae": 0.017075676353840837,
            "rmse": 0.02360280255854405
        },
        "force": {
            "mae": 0.015698518097063765,
            "rmse": 0.025195719351435088
        }
    },
    "validation": {
        "sigmas": [ 2.0, 25.0, 50.0, 100.0, 200.0, 300.0, 400.0, 500.0, 700.0, 900.0, 1100.0, 937.6329652040192, 1040.2644367264243, 780.576292455924, 838.6532796188794, 989.9973245116698, 936.4696492518136, 740.0570087643054, 1071.5186606383727, 867.985423659895, 809.9366340380675 ],
        "losses": [ 5.484852176795709e-05, 6.378830643278552e-05, 6.569894135666857e-05, 6.718630495077678e-05, 6.707757686552903e-05, 6.374063694610786e-05, 5.8662149260315914e-05, 5.384771653215061e-05, 4.780930934611238e-05, 4.589266547491179e-05, 4.6439583409556675e-05, 4.584620124049631e-05, 4.6087459324566623e-05, 4.664958007106081e-05, 4.6156029211945806e-05, 4.590655371036142e-05, 4.5844852705431265e-05, 4.7156510570124896e-05, 4.6252920432414975e-05, 4.599871961896413e-05, 4.636743038149626e-05 ],
        "force": {
            "mae": [ 0.01977018394747969, 0.021152839270759984, 0.021531582290375377, 0.02180564613825394, 0.021708455636439267, 0.02099802586641725, 0.019915661063499044, 0.018799521412058384, 0.017268612212882662, 0.016717602349774985, 0.01667343733457503, 0.016685005335206407, 0.016658871564970583, 0.016953231143103018, 0.016810072684257982, 0.016662198896630176, 0.016685683826489103, 0.017092709906844895, 0.016664154029270278, 0.016759381772324815, 0.016872798860433382 ],
            "rmse": [ 0.030058778252610545, 0.03268555424081676, 0.033188550878760034, 0.033572646617651566, 0.033508759179418895, 0.03256002376118421, 0.031058203523205607, 0.02953119729726214, 0.027483953780057524, 0.026745837759365215, 0.026677487203813077, 0.02669954684920681, 0.026658717013624954, 0.027064793855101136, 0.0268721819958289, 0.026665438268525084, 0.02670028507311218, 0.027250971008368954, 0.02666514248651625, 0.02680293409893278, 0.026957237139299182 ]
        },
        "energy": {
            "mae": [ 0.014436425854358313, 0.013523764826804624, 0.013596228307753592, 0.013641140349379612, 0.013779506258191077, 0.014109115111785286, 0.014623171710741189, 0.015429658125158311, 0.01675324507572077, 0.017485006231996524, 0.01853890452802443, 0.01761156392450357, 0.018107767049186804, 0.017108691091660147, 0.01730746833181911, 0.017831649927909893, 0.017605246432583953, 0.016944356821964903, 0.01832044837052672, 0.01739200625387457, 0.017212189185796888 ],
            "rmse": [ 0.02156942818275892, 0.021061294114608147, 0.021226429409790963, 0.021373775234601936, 0.021674286075033772, 0.022007109672035653, 0.022522418534629655, 0.02323398896359579, 0.02417526891102704, 0.024802345442196273, 0.026270407713962707, 0.0249850867047552, 0.025699878407587706, 0.024402797524051584, 0.024573513360490136, 0.025306166215413407, 0.024978004291810393, 0.024290117945288285, 0.02598319370897439, 0.02467338611513998, 0.024485949790137202 ]
        },
        "idxs": [ 256, 1991, 1072, 2901, 3562, 1220, 2796, 2683, 610, 3316, 3626, 2277, 3806, 2831, 2617, 2046, 3396, 3407, 2270, 168, 1645, 419, 3118, 4421, 4447, 800, 1708, 1561, 1023, 850, 4095, 1970, 1113, 2156, 545, 1974, 396, 1806, 2417, 4071, 3452, 1401, 1665, 4968, 2134, 1494, 4054, 2558, 884, 4007, 2966, 162, 4308, 2351, 4775, 246, 3238, 3130, 1413, 2315, 2680, 1812, 775, 1049, 3167, 463, 2167, 2235, 1461, 1935, 4947, 4294, 9, 4010, 59, 1355, 4835, 556, 2523, 4867, 3265, 1278, 3239, 4481, 4391, 2150, 1683, 1621, 2353, 901, 1638, 2163, 4407, 2192, 3057, 4522, 1414, 4300, 3173, 2833, 3282, 1808, 3462, 4458, 2834, 12, 3633, 1077, 2918, 4102, 836, 215, 4734, 2332, 4069, 3586, 1063, 259, 3785, 2348, 4871, 3418, 2817, 2239, 4572, 4487, 2597, 916, 4359, 3040, 4532, 2438, 525, 742, 3438, 2276, 4275, 875, 4147, 1144, 3298, 786, 247, 4798, 587, 2069, 4591, 4914, 4831, 3409, 3448, 823, 203, 2926, 947, 2740, 4026, 544, 1348, 2260, 1383, 3140, 622, 2023, 3807, 4030, 1795, 3047, 2515, 4028, 499, 2245, 532, 2318, 208, 273, 3333, 3728, 1104, 4612, 1627, 1955, 3643, 1566, 1539, 1186, 250, 2874, 3114, 4691, 368, 22, 4425, 1120, 96, 4517, 341, 1944, 4743, 4392, 4959, 1504, 2365, 1079, 3416, 1331, 4624, 2124, 3755, 1624, 1111, 851, 3110, 3654, 18, 4260, 3584, 3329, 261, 750, 2452, 2462, 2674, 2337, 4584, 2488, 1184, 3402, 2779, 4357, 763, 4212, 2653, 3876, 39, 1036, 1163, 418, 2419, 4738, 4438, 2420, 4978, 2669, 1912, 271, 194, 2581, 4302, 4823, 710, 3278, 989, 1594, 1570, 4930, 2193, 3512, 2120, 3880, 4351, 1540, 105, 4084, 4170, 2250, 4097, 332, 2687, 1612, 1567, 600, 1178, 2632, 4176, 1392, 1136, 4865, 1373, 352, 1536, 3572, 136, 2988, 4783, 4999, 686, 4510, 133, 3070, 1592, 1884, 2508, 1223, 3695, 3987, 4887, 1953, 521, 2285, 835, 3446, 4404, 4196, 1271, 1100, 235, 3175, 2787, 403, 2392, 1314, 2467, 184, 2765, 354, 1425, 3997, 2442, 1765, 811, 1187, 4496, 4701, 818, 189, 1608, 1084, 1750, 4210, 3210, 1341, 3450, 3156, 213, 491, 2060, 862, 3615, 2737, 3069, 2940, 4486, 1777, 3915, 4604, 2098, 4569, 3292, 792, 3080, 1674, 4070, 3199, 795, 4329, 857, 3155, 4063, 3669, 1962, 4270, 2685, 4966, 4796, 1903, 3468, 108, 934, 3979, 914, 1787, 1176, 2241, 3014, 1052, 2532, 1493, 2830, 4319, 4087, 3846, 715, 2939, 2459, 4222, 1499, 4861, 3126, 1035, 2294, 4617, 3684, 4728, 3476, 4209, 2974, 1758, 2539, 3795, 3922, 2991, 4526, 3660, 2172, 1237, 3981, 2269, 2382, 987, 3804, 3595, 4820, 2989, 3513, 2869, 4326, 334, 4339, 286, 3368, 3043, 1283, 2259, 2644, 4131, 885, 3359, 3133, 4686, 2322, 3558, 3211, 3574, 61, 1498, 664, 2048, 670, 636, 4619, 4678, 4651, 98, 4553, 4440, 4957, 3840, 4664, 2161, 899, 2089, 2820, 3777, 1637, 472, 2917, 3414, 1617, 2003, 3289, 3902, 4401, 1252, 3789, 2483, 893, 4969, 1367, 4332, 2824, 4321, 3599, 2448, 4916, 565, 2079, 3770, 1360, 186, 321, 4986, 1235, 4177, 806, 3285, 4211, 3830, 3437, 1377, 1487, 1911, 2690, 3196, 902, 3930, 4778, 624, 294, 4367, 855, 1369, 1658, 3063, 2344, 2763, 785, 4418, 4255, 2386, 3150, 4267, 2719, 3746, 569, 2112, 2892, 2513, 619, 3045, 2264, 4580, 1730, 1634, 1363, 4817, 1340, 810, 1890, 1673, 210, 4894, 2720, 4055, 783, 4731, 4301, 3322, 4875, 4521, 4924, 3759, 4570, 4428, 4549, 3903, 1582, 1803, 3769, 910, 4261, 4945, 4547, 3449, 1977, 4789, 3551, 2049, 3999, 2564, 4451, 3251, 476, 3591, 3779, 3978, 6, 4814, 2486, 1600, 704, 2599, 4988, 3862, 87, 1717, 1460, 1044, 3201, 3891, 1796, 1584, 3809, 1497, 1142, 999, 4503, 3328, 289, 1941, 501, 2393, 3598, 243, 1568, 4258, 1054, 1428, 1823, 229, 853, 4858, 1849, 4129, 4493, 838, 1006, 1596, 153, 4648, 3606, 3206, 2620, 2757, 2414, 2798, 4600, 254, 1236, 3850, 4309, 2562, 592, 1668, 1960, 3612, 123, 1290, 172, 1521, 1925, 2841, 4671, 802, 2954, 3426, 3730, 3788, 4341, 1757, 4762, 4507, 1934, 945, 4886, 3203, 2738, 4366, 1146, 4150, 1342, 3259, 1393, 876, 1139, 1245, 1535, 1656, 3875, 4608, 3663, 1854, 3208, 3538, 2177, 4559, 606, 258, 3373, 4491, 3692, 2637, 4538, 1007, 2160, 1204, 530, 447, 3076, 4364, 3491, 1012, 2590, 3222, 3142, 4123, 488, 3765, 4922, 2744, 2736, 2718, 3542, 1704, 50, 4088, 2864, 4099, 2839, 3473, 2484, 1880, 4696, 3358, 2593, 3537, 4408, 3646, 4393, 4483, 2753, 1622, 3024, 1813, 690, 284, 3399, 1410, 4047, 2925, 1843, 1127, 1872, 3841, 1825, 1861, 3134, 2097, 1771, 4953, 3385, 607, 4592, 4670, 2576, 922, 3123, 3664, 3091, 3901, 3228, 171, 539, 2819, 794, 2606, 1075, 3762, 1119, 125, 4490, 2055, 3034, 1027, 4478, 2105, 1215, 1807, 3481, 2014, 1151, 889, 4726, 119, 166, 3832, 973, 313, 659, 135, 825, 2711, 2609, 1477, 4445, 2171, 2774, 44, 849, 3798, 3466, 588, 450, 5, 4629, 479, 2295, 3943, 1579, 2428, 1309, 2480, 3589, 3621, 2592, 4573, 3524, 3046, 3445, 3421, 1296, 4951, 3187, 1818, 4358, 4601, 1956, 114, 801, 1619, 1613, 2159, 4368, 433, 337, 1694, 3812, 4303, 2287, 2881, 1298, 1086, 1530, 4943, 3436, 1454, 846, 3601, 1516, 112, 3160, 4278, 4963, 2631, 4284, 