{
    "model": {
        "sigma": 82.80005659774449,
        "n_symm": 6
    },
    "testing": {
        "n_test": 10806,
        "energy": {
            "mae": 0.02683362148698762,
            "rmse": 0.046171434760002274
        },
        "force": {
            "mae": 0.316516779384637,
            "rmse": 0.501106430192688
        }
    },
    "validation": {
        "sigmas": [ 2.0, 25.0, 50.0, 100.0, 200.0, 300.0, 400.0, 500.0, 64.79226543092398, 71.23064374515363, 40.103029029646834, 51.28153361420386, 76.91121089973853, 74.80973593776356, 64.42838453855063, 36.07980694828812, 57.119307621458454, 53.0092254848261, 88.7657453221251, 82.80005659774449, 82.75865720155383, 82.65655842259453, 84.4534187819983, 80.70462598959026, 84.7908667605413, 80.72759435024481, 81.14507884662531, 84.89860376138984 ],
        "losses": [ 0.04831927439175627, 0.042842338265124257, 0.0426556430957377, 0.0426836717708751, 0.06039903847018207, 0.12031309534766754, 0.2503763040034217, 0.4038604028483066, 0.04252307443222694, 0.04245812458108458, 0.04272286912870761, 0.042645803017680985, 0.04241178782010147, 0.04242555805608651, 0.04252457204171134, 0.042749186203699184, 0.0425970000784298, 0.04263284764273741, 0.04242168929556968, 0.04239175691565394, 0.04239394146671537, 0.04239238195550512, 0.042394650839858106, 0.04239407701502821, 0.04239572595060222, 0.04239595489388693, 0.04239415407716262, 0.04239624238609635 ],
        "force": {
            "mae": [ 0.3394499143706814, 0.31912631800980057, 0.3183822796766935, 0.31844842995782785, 0.39389623701927484, 0.5852369522863476, 0.8654324853992393, 1.109832946995773, 0.3177639886478222, 0.3174533959988749, 0.3186716116610497, 0.3183396843931137, 0.31723425192640253, 0.31729571765590037, 0.3177739673928985, 0.31877654465528354, 0.31811661478733344, 0.31827865894291213, 0.3172488913844278, 0.3171276032979279, 0.31713645677089153, 0.31713292249380537, 0.3171343731928653, 0.31714690980161564, 0.3171411496289519, 0.3171526033821068, 0.3171439301863086, 0.3171384595248537 ],
            "rmse": [ 0.5383033036071251, 0.5068751985299154, 0.5057687532711148, 0.5059219055554617, 0.6015681917072971, 0.8481183540964271, 1.2228902931278394, 1.553113936944394, 0.5049806154170007, 0.5045936288381967, 0.5061676153896632, 0.5057103268733273, 0.5043168467790573, 0.5043992470669493, 0.5049895600000055, 0.5063236084147523, 0.5054203790519749, 0.5056333753307257, 0.5043718511121265, 0.5041960010721482, 0.5042089895093523, 0.5041997743529574, 0.5042126485569834, 0.5042104416367256, 0.5042189365814214, 0.5042216066520825, 0.5042107715385932, 0.5042219735158584 ]
        },
        "energy": {
            "mae": [ 0.028643637530854905, 0.027136951820764806, 0.02713779948370211, 0.028509680137933174, 0.06588009715469526, 0.1651231844080394, 0.27160906093393716, 0.3441214360991944, 0.027228050403769886, 0.027309728399435698, 0.027122724869193916, 0.02714195780133741, 0.02741851873657288, 0.027372923210125008, 0.027224150067551817, 0.027122391125296418, 0.02716918334543152, 0.02714835898103047, 0.027827916533140522, 0.02758981200367998, 0.027590981822278992, 0.027584780940342172, 0.027648966170636412, 0.027522492232943476, 0.02766216732121393, 0.027523569356977532, 0.02753598522432003, 0.027664817736855186 ],
            "rmse": [ 0.049193440652338966, 0.046826400317983075, 0.04687337357327871, 0.04916911367602171, 0.09219016099933627, 0.20711629304865004, 0.33657973285779724, 0.42816499854854834, 0.04708585180796618, 0.04726119310239443, 0.04682590148406068, 0.04688343697554529, 0.047477183193211654, 0.04738985383915033, 0.04707733730591604, 0.04681893919837101, 0.046946939825155985, 0.04689982375267608, 0.04816146093178484, 0.04777272526904679, 0.04777441753528198, 0.04776317888946149, 0.0478731090663214, 0.047660716645084936, 0.047892187308914584, 0.04766213530573913, 0.047683387643973875, 0.04789845863057704 ]
        },
        "idxs": [ 10069, 12044, 2856, 7344, 7142, 5962, 1373, 10579, 10611, 5030, 6625, 9825, 11650, 2665, 3831, 9838, 1515, 8403, 2861, 1130, 3193, 10536, 11509, 10379, 2134, 88, 6141, 227, 12539, 1795, 10563, 3132, 2815, 5902, 10907, 4891, 2916, 10664, 5964, 4114, 662, 6458, 9840, 12011, 4808, 9264, 12781, 4565, 4364, 9473, 3645, 4162, 3744, 595, 1532, 11855, 4791, 6521, 5348, 6238, 12669, 76, 1143, 3423, 1832, 6398, 10897, 8820, 10143, 6439, 1084, 7821, 3073, 1784, 9380, 11779, 12253, 1098, 2100, 8157, 7610, 7045, 6440, 3194, 9760, 1830, 10222, 5628, 9228, 5474, 4422, 8737, 8619, 9393, 2819, 2000, 12503, 10316, 12569, 3838, 11487, 5795, 10701, 7024, 4214, 3976, 492, 3452, 708, 12980, 1005, 7785, 6568, 5390, 12394, 9204, 12677, 7397, 12156, 3178, 7167, 1720, 6730, 11368, 89, 9366, 403, 4097, 3955, 5516, 6498, 12613, 12046, 12057, 7463, 9649, 12455, 12922, 5994, 3767, 4325, 6565, 10648, 6459, 5600, 8814, 12807, 8240, 11518, 951, 3865, 7628, 8049, 2933, 1487, 3374, 9806, 3493, 11382, 6338, 3998, 7348, 11968, 1276, 7608, 12122, 11432, 11156, 5368, 11118, 7280, 7909, 5357, 5570, 12565, 358, 1222, 4366, 1377, 3246, 9619, 7270, 5247, 5974, 2008, 3076, 5111, 11247, 1409, 522, 1358, 12985, 5384, 5144, 3484, 9332, 9498, 6071, 2641, 3758, 3009, 16, 360, 2876, 3642, 4999, 3155, 3612, 10695, 9107, 8360, 6652, 4079, 2111, 604, 2812, 4085, 12609, 6695, 7488, 4747, 2757, 3293, 2020, 878, 5099, 10030, 7195, 5599, 7272, 5898, 8002, 8975, 1822, 6645, 6060, 7825, 6759, 7417, 9432, 10036, 4454, 11135, 5280, 1108, 3626, 4911, 1497, 7581, 476, 7886, 12803, 7729, 4462, 3191, 8009, 8026, 483, 9105, 12097, 1140, 10196, 4775, 7069, 8104, 10750, 3251, 2398, 890, 10725, 12189, 6038, 5581, 12521, 10333, 6043, 6519, 6171, 10630, 9127, 2529, 9726, 4199, 2307, 7928, 6975, 5441, 5729, 4513, 11874, 2840, 10195, 1325, 4698, 10131, 2781, 4826, 1886, 2042, 4865, 9612, 8427, 9803, 11882, 12232, 10981, 6643, 8818, 1300, 8347, 6328, 6602, 2087, 1127, 3257, 1161, 7061, 11435, 2010, 8260, 2037, 6101, 696, 7625, 10939, 5587, 4882, 3507, 9565, 1173, 4708, 2577, 2917, 4040, 9174, 4423, 3247, 625, 1606, 1017, 8948, 12160, 4409, 3141, 8854, 7060, 4253, 6209, 4872, 6231, 5200, 3993, 1729, 798, 11329, 12993, 11795, 12085, 5925, 1794, 11569, 1757, 2452, 6305, 9421, 10767, 9342, 8581, 1268, 9961, 2392, 8507, 6168, 1569, 11020, 3967, 12816, 4041, 3629, 9956, 4542, 5689, 11245, 271, 9610, 7819, 5637, 11503, 5268, 10732, 7993, 12835, 5839, 10112, 2059, 7991, 10121, 2033, 1930, 1452, 6669, 991, 8805, 12303, 9624, 8817, 4186, 1596, 7789, 4546, 6055, 4401, 1463, 7273, 3110, 7541, 7854, 8170, 7345, 7851, 11529, 6266, 7529, 11369, 8593, 1133, 4590, 3666, 3061, 7495, 7591, 13003, 6237, 5831, 4146, 2829, 8754, 6097, 7473, 10145, 4766, 2122, 1719, 3677, 1648, 11312, 8688, 196, 6867, 7673, 6135, 3583, 6512, 2410, 7278, 11022, 5209, 154, 3479, 6607, 3942, 12899, 479, 3597, 8615, 11713, 7652, 11772, 2931, 7827, 4104, 9086, 9075, 3789, 3170, 12778, 1732, 7332, 8137, 1800, 6581, 11756, 5601, 8479, 4377, 9629, 2883, 3205, 10501, 3854, 11501, 5229, 11596, 5155, 5889, 7199, 11311, 4591, 3014, 10082, 11936, 3794, 216, 11442, 7941, 10569, 6825, 9322, 9033, 9472, 5865, 6386, 984, 4604, 1841, 10463, 4210, 2525, 3867, 2714, 1716, 7547, 7895, 5702, 1714, 6137, 1809, 5633, 4840, 4034, 210, 1761, 292, 10097, 9907, 8902, 11205, 9945, 318, 805, 1162, 6819, 5259, 3519, 9515, 7454, 4896, 942, 7040, 3673, 1574, 2868, 9910, 6150, 8079, 2908, 5263, 3441, 2055, 1193, 4168, 12386, 5743, 10561, 5090, 2540, 12790, 6013, 2069, 7469, 11011, 9362, 258, 653, 2518, 3221, 1614, 4178, 2117, 1112, 10087, 11794, 11564, 816, 11603, 8076, 1081, 8509, 6743, 12148, 12514, 6897, 7624, 10479, 5811, 1124, 510, 4093, 10427, 8774, 5379, 5950, 4776, 6276, 11306, 2966, 2900, 304, 8520, 12748, 10347, 12902, 6646, 4141, 9067, 11631, 2371, 6510, 9221, 12480, 1223, 2607, 11609, 2687, 10103, 10823, 5794, 5788, 4414, 3445, 6552, 5286, 11291, 3173, 11185, 10210, 5976, 1623, 9582, 9572, 2210, 5631, 1218, 9879, 8926, 2895, 9360, 11514, 8868, 8979, 10709, 2692, 3821, 11000, 4666, 10884, 1737, 1862, 2464, 4950, 3069, 7, 2123, 3302, 