{
    "model": {
        "sigma": 320.032164770596,
        "n_symm": 72
    },
    "testing": {
        "n_test": 7083,
        "energy": {
            "mae": 0.04217863241857866,
            "rmse": 0.08128990510274611
        },
        "force": {
            "mae": 0.09053731341104343,
            "rmse": 0.191788157099561
        }
    },
    "validation": {
        "sigmas": [ 2.0, 25.0, 50.0, 100.0, 200.0, 300.0, 400.0, 500.0, 700.0, 900.0, 1100.0, 301.30520621609804, 357.64339873724083, 243.5271147702818, 333.83265891769975, 267.47860048995307, 380.63335048808597, 221.03920805416686, 320.032164770596, 281.8383245627716, 346.11204668450273 ],
        "losses": [ 0.0054070799650724555, 0.004050694144305474, 0.0039477765466068545, 0.003842077972482686, 0.0035436468663986352, 0.003407636607687232, 0.0034419205064153977, 0.00366654789516153, 0.00483909297289822, 0.00677544203061114, 0.009075802051070368, 0.0034070654828743164, 0.003409229401262103, 0.0034554517886743645, 0.003403089271376865, 0.003427765585151503, 0.0034231125190638855, 0.0034948404787336607, 0.0034029771729786043, 0.0034165474767060763, 0.0034051467368966777 ],
        "force": {
            "mae": [ 0.14796491885771038, 0.1073748435458823, 0.10607395246271714, 0.10367871542885354, 0.09683864737620618, 0.09268895410527708, 0.09143282369350926, 0.09304433166457533, 0.1051569246649899, 0.12144489335338042, 0.13700868200551566, 0.09265451326300365, 0.09170111789132755, 0.09447842849492251, 0.09202637803364937, 0.09357439911183717, 0.09149248693906091, 0.09558330593853873, 0.0922668265180103, 0.09314102995283136, 0.09184679208263881 ],
            "rmse": [ 0.25319121825736596, 0.2190866931870215, 0.21628096290061158, 0.2133600945934601, 0.20473194602566985, 0.2001834759740537, 0.20008979402882887, 0.20474793733604899, 0.22882365111209022, 0.2610512078928907, 0.2915541587244221, 0.20015517073665645, 0.19966962630266336, 0.20197067295081653, 0.19974251318614877, 0.20101493693704692, 0.19979997623904605, 0.2032320016639435, 0.1998716139343135, 0.20058556558688223, 0.19967639038591484 ]
        },
        "energy": {
            "mae": [ 0.04313204257559218, 0.03412287009839838, 0.03380438264401164, 0.03295657765064971, 0.03307525611387973, 0.0407458098205243, 0.054162048657512056, 0.07352865645775455, 0.13132627803084324, 0.20153652055209387, 0.2845568695987022, 0.04088680537503387, 0.04794831860269187, 0.035368909736323985, 0.044780641923978695, 0.03736573419263004, 0.05119430005685717, 0.03394602724845754, 0.04305783039957169, 0.0387892961412872, 0.04638767439495132 ],
            "rmse": [ 0.08057949378410689, 0.0712595373758022, 0.07046651959539223, 0.06966621041688695, 0.07121520631893571, 0.08257396881948983, 0.10275863315254859, 0.13155660690908294, 0.2181141208654898, 0.33112901847311765, 0.44633504925615103, 0.08279962871654396, 0.09321986319538729, 0.07490375668631313, 0.08850610537337564, 0.07779150285716127, 0.09820555498728406, 0.07273463437219287, 0.08597790506073791, 0.07979142595247334, 0.09087995585807448 ]
        },
        "idxs": [ 7744, 4327, 4684, 2106, 8736, 6049, 8563, 6341, 8429, 4181, 439, 3789, 7486, 5212, 5383, 2613, 4346, 1151, 827, 1954, 2270, 8372, 4920, 1078, 0, 8640, 1984, 8259, 1945, 5378, 5634, 8247, 2305, 8564, 4280, 1780, 4215, 310, 8660, 3337, 4251, 6068, 3422, 7660, 5586, 2414, 8215, 4581, 1396, 8154, 6365, 1377, 7971, 3235, 4625, 1609, 6368, 5487, 71, 2332, 4004, 1169, 6739, 926, 2572, 5926, 9088, 4337, 6907, 8971, 784, 7850, 9117, 4918, 2522, 5855, 124, 8217, 1902, 8426, 8243, 894, 829, 2131, 7492, 6522, 8119, 3211, 1447, 5443, 5484, 4281, 52, 8867, 2565, 6418, 7277, 6565, 7196, 1968, 2058, 6392, 3019, 4877, 5859, 5896, 5941, 8134, 3524, 6700, 5911, 5036, 5567, 5123, 6682, 1237, 1039, 6043, 3087, 3339, 7950, 608, 3802, 5463, 2445, 3755, 6649, 6611, 9153, 6788, 2090, 3236, 5880, 7183, 8642, 5180, 2789, 6119, 3937, 7825, 5807, 1234, 6942, 1859, 6137, 5022, 2677, 7373, 3677, 8548, 9205, 2163, 6270, 2501, 4388, 7966, 425, 6180, 3424, 4116, 6694, 1264, 1524, 5909, 2214, 8290, 5897, 6999, 3334, 2712, 614, 5256, 4098, 2579, 4911, 7505, 2781, 8124, 3252, 141, 5418, 3040, 6134, 1993, 8626, 433, 9274, 6539, 5101, 6805, 4659, 6829, 7960, 4107, 3541, 5240, 8528, 6056, 6072, 3433, 4485, 6899, 5246, 7571, 5420, 2464, 8420, 5557, 5891, 3475, 4589, 6069, 7570, 5284, 1405, 3908, 274, 7887, 2898, 7385, 6663, 6005, 8975, 3671, 7910, 8144, 8152, 3, 7802, 4135, 7689, 5089, 1304, 1095, 3414, 7931, 1506, 3283, 1331, 6794, 8069, 579, 1394, 6584, 1287, 7361, 8126, 9229, 4960, 3469, 2389, 1711, 8868, 4728, 194, 4279, 6953, 639, 6844, 1131, 7911, 6357, 7416, 7670, 266, 8193, 6204, 8255, 231, 2034, 5875, 4317, 6423, 289, 868, 9211, 8150, 6168, 1308, 5816, 6358, 372, 2676, 2595, 2977, 3520, 9094, 8544, 4469, 4424, 5272, 8480, 1247, 6191, 3111, 828, 8953, 2780, 3161, 8663, 904, 507, 7597, 408, 2656, 4980, 5135, 4724, 5312, 2011, 3155, 2714, 6959, 1719, 217, 4084, 6516, 5802, 4431, 7213, 8920, 8707, 8157, 8649, 4524, 7700, 4907, 5551, 5003, 2474, 5505, 3045, 7188, 8, 6912, 1154, 6266, 384, 2524, 6362, 4120, 4364, 6806, 5703, 1289, 8542, 6790, 695, 9058, 3026, 509, 8393, 5260, 8855, 3086, 5204, 6116, 3568, 8513, 8250, 4691, 393, 2089, 4781, 6692, 1729, 4386, 6272, 8888, 3123, 2927, 4901, 4070, 2225, 469, 2005, 9103, 8658, 3776, 1750, 7048, 402, 3341, 5753, 8231, 4839, 5198, 2071, 2362, 2126, 1254, 4676, 4981, 1563, 1639, 8278, 3243, 8070, 5329, 5544, 2591, 8613, 9260, 6470, 4027, 8055, 7862, 7494, 2790, 6091, 3078, 1804, 9146, 6027, 9105, 3149, 5395, 244, 5161, 8019, 7516, 6613, 5906, 5601, 6956, 8492, 5175, 3118, 8972, 2317, 4865, 3349, 3749, 5384, 1523, 4075, 2447, 3953, 3738, 7629, 754, 8854, 8845, 7421, 1798, 8222, 8149, 7517, 4462, 1006, 736, 8986, 6132, 1081, 998, 6978, 620, 6108, 3814, 3326, 8061, 607, 4481, 2322, 3350, 3909, 4858, 495, 3369, 4747, 5766, 1569, 4587, 6974, 1982, 6772, 31, 8270, 3186, 4641, 4682, 5109, 807, 6874, 1714, 6734, 7769, 5673, 7564, 8190, 4565, 1416, 7793, 2526, 1159, 4708, 1735, 8172, 5534, 4990, 4769, 3851, 8701, 5730, 4853, 5887, 2349, 8839, 2315, 2062, 4893, 3312, 3395, 22, 2296, 2247, 1558, 1430, 2199, 7713, 5841, 2519, 5986, 4546, 5628, 4695, 8838, 8108, 461, 7129, 8923, 4672, 9239, 5412, 2735, 3402, 592, 6562, 4316, 215, 1313, 7978, 2709, 5223, 5830, 4632, 493, 5764, 6109, 5842, 3833, 5182, 3207, 8404, 8674, 6208, 2648, 730, 6243, 7392, 5758, 3462, 8368, 1069, 3658, 1488, 6713, 3980, 3550, 6983, 4664, 5550, 6720, 1139, 3233, 8846, 7453, 2945, 2493, 1687, 1722, 4403, 123, 1997, 1164, 4232, 8540, 2142, 3617, 6468, 1776, 6271, 7049, 6359, 4992, 6408, 6762, 6149, 6146, 1811, 8646, 1388, 7543, 4402, 6579, 5810, 4887, 7659, 7080, 8614, 8602, 3329, 6760, 3033, 8021, 7257, 2069, 1363, 972, 9107, 8857, 4235, 6087, 2132, 7681, 4093, 2013, 200, 8744, 3773, 3663, 3586, 3998, 3590, 2417, 149, 3807, 4592, 5187, 6285, 1071, 7006, 5612, 311, 1286, 2638, 5642, 1238, 5776, 2329, 3850, 768, 4033, 8221, 5046, 3044, 1367, 5602, 3430, 173, 8730, 4841, 7999, 4631, 775, 8673, 7493, 6051, 6863, 8298, 366, 2394, 3167, 2660, 5820, 8315, 8196, 9154, 7463, 2741, 7772, 690, 3963, 1180, 975, 4696, 5915, 700, 2668, 4835, 3128, 4289, 501, 6687, 1918, 1143, 2234, 4220, 8046, 2515, 7362, 5005, 116, 6456, 4298, 6679, 3945, 159, 4805, 8933, 7943, 5116, 1002, 3820, 7669, 1745, 8650, 2442, 3450, 2022, 5745, 1871, 5742, 286, 5561, 1805, 3795, 6715, 2046, 1792, 4078, 6597, 5328, 2425, 4006, 3403, 2356, 7906, 2336, 1721, 4608, 2283, 5746, 634, 8990, 2770, 385, 5064, 5315, 6657, 1925, 606, 8227, 5590, 5189, 8906, 8447, 6186, 7711, 1727, 6644, 4432, 68, 889, 2924, 4245, 629, 5053, 5051, 8792, 2710, 8914, 6491, 8814, 4836, 6315, 9152, 1187, 1102, 3413, 935, 8417, 674, 415, 2511, 6221, 6203, 5531, 3794, 3204, 5591, 7506, 2860, 8498, 1335, 3043, 2416, 7146, 7677, 6593, 7951, 3790, 7642, 6965, 9202, 2675, 922, 3256, 3731, 7227, 5279, 9188, 2892, 9244, 5655, 2692, 6601, 108, 7922, 5268, 1748, 2842, 6187, 7274, 119, 1059, 3241, 6924, 3620, 7983, 3803, 2593, 7099, 3472, 5957, 2374, 