{
    "model": {
        "sigma": 491.0205198976643,
        "n_symm": 72
    },
    "testing": {
        "n_test": 7469,
        "energy": {
            "mae": 0.04479983409472298,
            "rmse": 0.06825831533186433
        },
        "force": {
            "mae": 0.07171269074231479,
            "rmse": 0.12215732179503018
        }
    },
    "validation": {
        "sigmas": [ 2.0, 25.0, 50.0, 100.0, 200.0, 300.0, 400.0, 500.0, 700.0, 900.0, 1100.0, 1500.0, 2000.0, 600.5467061188806, 498.76511360473927, 649.3772729402941, 443.332478178345, 553.9756300999254, 468.67365538736254, 528.7696798688683, 483.4322685381351, 513.543120793553, 491.0205198976643 ],
        "losses": [ 0.003505625908653791, 0.0031620756600009826, 0.0031500980442787916, 0.0030746871888358536, 0.0024632044789711575, 0.0017993981994956214, 0.0014507220612935891, 0.001368610116418303, 0.001628506785753366, 0.002172292239375036, 0.002832608246959804, 0.0044485764154029595, 0.008608761036254589, 0.001449804362426651, 0.0013681774896636782, 0.0015274072234137987, 0.0013890861467825302, 0.0013969150116978555, 0.0013722512422532514, 0.0013783047999025276, 0.0013681782584393746, 0.0013715118185806535, 0.001367930799990181 ],
        "force": {
            "mae": [ 0.13045345394357796, 0.11790579938446084, 0.11700970267576127, 0.11507280282849845, 0.10158136784061597, 0.08650396158250209, 0.0769484012590701, 0.07355764813321776, 0.07732913991467455, 0.08785624751498476, 0.09987054427754682, 0.12429381297186848, 0.1564863285088584, 0.07423810325724046, 0.07356040719723858, 0.07550571190404604, 0.07483235584495486, 0.07354657372373169, 0.074057247338088, 0.07342215169700214, 0.07376407143593122, 0.07345021064850771, 0.07365917587044304 ],
            "rmse": [ 0.20430696100812434, 0.19399245249243988, 0.1936244007658367, 0.1912711742418945, 0.17095240871159945, 0.14566798696599714, 0.130108726920617, 0.12558568026515948, 0.13567074505353519, 0.15599036808974648, 0.1776473916631263, 0.21648901242252308, 0.26171679706743867, 0.12854429855269214, 0.12557470540264795, 0.13166471697015777, 0.12696596633181276, 0.12648052832039638, 0.12599536040985468, 0.12581800062484239, 0.12569282669441792, 0.12561775032281547, 0.12562776595611314 ]
        },
        "energy": {
            "mae": [ 0.036180924964804975, 0.03690512691780759, 0.03686950773644094, 0.03712500925295899, 0.03915840542413207, 0.03862193501412548, 0.0415217507467969, 0.04658178515480176, 0.06316491701389168, 0.08023249426739494, 0.09528960066907893, 0.17138308992538806, 0.4743588019818053, 0.05413407072610425, 0.046481144411777676, 0.05799428788145451, 0.04342089137755829, 0.05040414492644049, 0.04468979243714421, 0.048441892942602864, 0.04556858712865505, 0.04747164705687464, 0.046010251653140585 ],
            "rmse": [ 0.052135767270835735, 0.05097681629756236, 0.050889419284706174, 0.05095620424746189, 0.0527357961410898, 0.05579844436463144, 0.06327084074433367, 0.07368617630175336, 0.09727668295721625, 0.12022589625803853, 0.1423816233111287, 0.23301331301659162, 0.5385895976825043, 0.08534321193061975, 0.07354835365267752, 0.09098026279244273, 0.0676188555322745, 0.07987782838850813, 0.07024860984566648, 0.07689214944742927, 0.0718477799958308, 0.07518436377790687, 0.0726196725388648 ]
        },
        "idxs": [ 3239, 91, 7229, 10164, 5337, 9085, 7408, 2842, 9539, 7971, 4473, 5086, 185, 3008, 496, 2220, 3846, 3466, 5118, 2386, 3004, 1244, 8214, 5401, 3378, 10127, 6659, 7471, 2247, 7034, 8690, 760, 8572, 6614, 5234, 4219, 8010, 6321, 5698, 4109, 8025, 1577, 1347, 1671, 2965, 1266, 4602, 3367, 3787, 6018, 7141, 1109, 9728, 5557, 1834, 6685, 9522, 5143, 7032, 181, 6476, 4869, 9110, 4484, 3772, 5884, 3174, 2669, 7311, 8785, 5055, 451, 6171, 7630, 4501, 4683, 4445, 3715, 2527, 1587, 3578, 8166, 6736, 2285, 284, 4899, 2048, 2564, 2764, 2751, 5787, 1830, 1226, 1000, 3065, 1655, 4010, 3470, 4493, 7044, 9770, 4025, 4811, 8781, 3980, 6216, 7397, 7624, 2284, 2245, 5682, 2035, 6252, 4741, 2837, 6888, 6666, 880, 540, 4839, 3467, 24, 9197, 8080, 3802, 1283, 7849, 544, 3709, 9918, 2303, 308, 10113, 2213, 8046, 5962, 5605, 2430, 3594, 3900, 7562, 6119, 8863, 6382, 5171, 6235, 8059, 6716, 7158, 31, 4503, 424, 1555, 6143, 4388, 600, 458, 9439, 5110, 4712, 7891, 5593, 3308, 5811, 5826, 9510, 5958, 227, 5, 3689, 2097, 3047, 4376, 3297, 9791, 2566, 1134, 9423, 2413, 3311, 7444, 3898, 4164, 7149, 9785, 2924, 5980, 5880, 9801, 1207, 1052, 9654, 7382, 3899, 3265, 6406, 912, 6745, 2280, 5373, 495, 6402, 5343, 4469, 7569, 7695, 797, 9224, 2530, 4912, 5176, 1853, 1706, 4589, 1855, 6697, 3232, 7973, 7570, 8527, 591, 191, 6512, 7838, 7510, 9977, 8339, 5113, 1734, 6263, 5044, 9895, 3152, 1320, 2449, 9807, 5436, 6549, 7418, 8627, 6304, 3305, 807, 1065, 9419, 1646, 8131, 6398, 5163, 8714, 369, 7775, 9446, 9139, 2915, 8264, 2896, 7644, 8224, 3005, 984, 1870, 1741, 8900, 1914, 2355, 6946, 7461, 9325, 8913, 68, 1957, 9109, 9712, 8269, 7467, 1003, 4890, 1816, 9645, 7208, 6926, 176, 293, 2270, 2474, 5849, 7489, 7928, 5573, 5120, 8294, 5365, 4711, 8505, 2486, 6959, 8925, 9422, 6850, 6730, 1446, 5124, 1487, 21, 8281, 4946, 7860, 7186, 8177, 6608, 8823, 3526, 8180, 498, 7692, 4939, 9095, 6109, 2759, 9826, 8292, 3587, 6518, 6838, 658, 2262, 7906, 4463, 9764, 7731, 4504, 3256, 3936, 2093, 3654, 4807, 4240, 3752, 1548, 5762, 5707, 5524, 5323, 5734, 4701, 6322, 3533, 4578, 9849, 6584, 4343, 10121, 18, 9926, 390, 1394, 3011, 3223, 9328, 1330, 7826, 5818, 9909, 5948, 8794, 9397, 3349, 6885, 2714, 9649, 7701, 1672, 9297, 9280, 4355, 6142, 4743, 8295, 6205, 380, 4648, 7668, 7726, 7985, 1181, 8614, 48, 1846, 1198, 1576, 440, 4143, 5896, 5842, 1755, 2687, 6767, 7893, 7399, 8607, 2096, 6316, 9464, 4052, 1178, 9103, 1364, 5019, 9094, 5150, 2606, 2875, 8885, 4898, 7194, 1089, 1449, 1715, 7607, 8953, 321, 5566, 2867, 7850, 5325, 8929, 8633, 3171, 5049, 3622, 5479, 1165, 2681, 8793, 7279, 7980, 4279, 4323, 2483, 2787, 9014, 1444, 9732, 3356, 1007, 4390, 7501, 6516, 8181, 1560, 8750, 6355, 2369, 2981, 3052, 2268, 1381, 2883, 6111, 6522, 3701, 6967, 2068, 2973, 2650, 2175, 5550, 9217, 7178, 8700, 6157, 204, 7842, 2515, 4974, 2632, 455, 3758, 3225, 4500, 6409, 8666, 1605, 6800, 6693, 7949, 6446, 986, 1267, 3217, 4180, 118, 5003, 2042, 9854, 7177, 8124, 9504, 2521, 9486, 8141, 5981, 6943, 10017, 7190, 10123, 9655, 4953, 4904, 1212, 6801, 750, 666, 10070, 8872, 8375, 3554, 2938, 7062, 1825, 9173, 257, 6124, 528, 673, 784, 2440, 5038, 4642, 2623, 7234, 4400, 621, 6915, 6282, 1404, 2688, 7028, 2287, 1502, 8049, 4533, 5180, 5969, 2816, 7808, 6860, 9548, 668, 485, 1121, 795, 2958, 4591, 3286, 9351, 2747, 9937, 10150, 8914, 7628, 8511, 4316, 8336, 3101, 3381, 910, 5122, 5983, 1118, 8117, 7290, 7943, 1847, 5571, 9317, 552, 5352, 2445, 1596, 5167, 2494, 7497, 8449, 8927, 817, 2784, 3439, 9234, 8611, 4934, 3029, 8174, 2353, 8616, 1102, 4255, 7932, 6351, 6563, 2773, 6349, 4122, 8681, 161, 6958, 2863, 2902, 6529, 4594, 8090, 4680, 8252, 8660, 4798, 4867, 2878, 7948, 6700, 4667, 6784, 59, 4687, 157, 8830, 4822, 756, 7330, 10145, 8896, 7364, 8347, 5881, 2501, 3824, 9268, 3528, 1332, 3602, 2529, 3828, 9051, 225, 1439, 7539, 1261, 4193, 6057, 9108, 2157, 9617, 9989, 6040, 2237, 2129, 2541, 4626, 9599, 8621, 6491, 3423, 590, 3621, 1193, 7328, 8866, 2644, 8442, 9540, 7267, 6212, 5510, 1674, 5072, 5710, 6148, 2239, 4837, 7494, 10020, 6097, 2332, 3740, 7313, 1214, 2081, 7495, 7087, 7262, 9254, 3371, 7804, 9183, 319, 3178, 3783, 7599, 998, 8729, 1370, 5537, 5973, 2215, 2691, 9265, 5489, 6375, 3609, 4437, 5897, 2467, 3445, 8770, 2192, 4173, 8222, 5529, 6226, 2524, 85, 2359, 3982, 10012, 6706, 9429, 4562, 863, 266, 7807, 8640, 6686, 1030, 6922, 132, 2942, 1791, 9022, 5375, 4885, 6455, 4544, 4689, 3761, 6038, 4935, 5456, 978, 967, 6580, 1708, 4831, 8484, 1256, 7024, 9286, 726, 3337, 8623, 6151, 566, 5398, 9303, 2745, 3301, 1503, 6552, 10114, 71, 5078, 7201, 2063, 9901, 3882, 7282, 4111, 635, 2997, 10000, 3946, 9788, 1920, 5709, 2919, 3473, 6167, 2305, 6535, 5622, 9819, 3435, 8520, 733, 4868, 