{
    "model": {
        "sigma": 429.5437208253279,
        "n_symm": 48
    },
    "testing": {
        "n_test": 2400,
        "energy": {
            "mae": 0.008315730673126989,
            "rmse": 0.011814989599553244
        },
        "force": {
            "mae": 0.01298671857926432,
            "rmse": 0.01984846172130478
        }
    },
    "validation": {
        "sigmas": [ 2.0, 25.0, 50.0, 100.0, 200.0, 300.0, 400.0, 500.0, 700.0, 900.0, 1100.0, 1500.0, 398.2955080828856, 478.4709643435617, 322.93898008859276, 453.68578191967157, 429.5437208253279, 350.32086821242166, 372.19051655694994, 336.628524762926, 416.46596419317154, 466.0285171304601 ],
        "losses": [ 0.002612232703303845, 0.000284601988659832, 0.0002792162485579523, 0.0002365354605377381, 0.00011766855616211804, 6.294665531913753e-05, 4.9204568180976394e-05, 5.006566657062767e-05, 6.989318455633834e-05, 0.00010061585518605356, 0.0001347821585107405, 0.00021250910420562828, 4.926442441138655e-05, 4.9164713497829895e-05, 5.762212265262498e-05, 4.852284928115068e-05, 4.848289902148451e-05, 5.3258346909215185e-05, 5.09563452814149e-05, 5.522697241105621e-05, 4.866180605480117e-05, 4.874024075481608e-05 ],
        "force": {
            "mae": [ 0.11027396534437106, 0.03287997865802902, 0.03249745951976999, 0.029567911776270536, 0.02063086070052141, 0.015244737456544442, 0.01353958721445346, 0.013594150403068593, 0.015946347415734644, 0.019093377795434796, 0.022163304401234433, 0.0280662518553613, 0.01354576953697648, 0.013491675020096724, 0.014616294969243793, 0.013417838562463674, 0.013427644818069889, 0.014073977840244566, 0.013773920866622269, 0.014321830997172857, 0.0134542538752825, 0.013438240246329187 ],
            "rmse": [ 0.15310247635410176, 0.05049959690065267, 0.05001808052064936, 0.04602515159773999, 0.032407086942697574, 0.02359911813804104, 0.020764760862954163, 0.02082228240413514, 0.024389277767407007, 0.02914361969995856, 0.03370579253695431, 0.04239865380913658, 0.020778573995424474, 0.02066355967972991, 0.022554515947554386, 0.020558370654357366, 0.02057679244602048, 0.021653899393410416, 0.021156732641255276, 0.022065305821128183, 0.02062693456959809, 0.020589506258584776 ]
        },
        "energy": {
            "mae": [ 0.02172414331811662, 0.007683639906587814, 0.007653806393399463, 0.007468816002121457, 0.006806474188964785, 0.007339197972007242, 0.008045212735309178, 0.009937414573712885, 0.014015393475889142, 0.01788738745151568, 0.020896073217798402, 0.02584523991565584, 0.008039671698676101, 0.009421602547849033, 0.007436903382335004, 0.008925312848932663, 0.008540839835357474, 0.0076348780100197475, 0.0078522168104937, 0.00753940818972842, 0.008391568478571572, 0.009157484299201315 ],
            "rmse": [ 0.02783404469676124, 0.011159754482603462, 0.011124476542695109, 0.01080358235067069, 0.00988698434390879, 0.010328773713929306, 0.01138508767990178, 0.013753203512916633, 0.019494099104689605, 0.024987136125674637, 0.029242088398679984, 0.03573608400850178, 0.011367928776043989, 0.013123229126124854, 0.010484334475322755, 0.012498461935780593, 0.01199152655778938, 0.010767112087275932, 0.011055301131220894, 0.010627548436645724, 0.011778428849539493, 0.012795137453581133 ]
        },
        "idxs": [ 1129, 3479, 247, 201, 1977, 576, 820, 4045, 751, 1215, 1274, 2910, 4125, 2904, 4788, 1233, 1157, 4638, 36, 3213, 3280, 2357, 4190, 3763, 3183, 634, 2224, 4187, 3260, 1360, 4280, 1195, 1342, 2341, 1194, 476, 3271, 2788, 1036, 3210, 3400, 1347, 1321, 3688, 1057, 2181, 4371, 4841, 3998, 654, 4225, 455, 3855, 1748, 2366, 3219, 373, 3059, 3419, 528, 2193, 781, 3282, 4509, 496, 4839, 1568, 4917, 3576, 1705, 1345, 1533, 259, 4856, 2072, 3636, 4588, 580, 3254, 1340, 1889, 3988, 281, 1276, 1020, 3239, 1506, 828, 346, 4224, 652, 3538, 2542, 830, 4212, 2374, 263, 3670, 3753, 4589, 2184, 2040, 4418, 675, 1053, 2684, 3021, 2569, 1456, 1970, 4415, 926, 886, 603, 3580, 3269, 3745, 670, 4262, 2826, 1521, 3933, 628, 3761, 2000, 2811, 2835, 2896, 1780, 4023, 4878, 3783, 149, 2106, 1822, 4618, 3665, 3267, 375, 1986, 2322, 1846, 492, 3551, 1470, 3915, 4091, 1038, 508, 3192, 3675, 2182, 1751, 3459, 2732, 498, 3535, 4112, 1635, 2588, 190, 1482, 4195, 2291, 568, 4126, 506, 2292, 401, 104, 952, 4269, 2387, 2666, 1987, 4866, 216, 923, 836, 2435, 3409, 621, 1240, 1913, 2161, 343, 1462, 1481, 4606, 4900, 1134, 3226, 2451, 733, 441, 1012, 2476, 4384, 3938, 1018, 4208, 1126, 859, 763, 3962, 548, 1443, 4997, 4949, 1445, 3492, 1389, 2311, 1074, 3265, 954, 1750, 1947, 1647, 1690, 2847, 1858, 2956, 3729, 371, 4529, 1237, 899, 1891, 1270, 4264, 3008, 1695, 275, 3671, 1033, 4889, 947, 3560, 3862, 3518, 1296, 1930, 262, 898, 399, 1176, 3880, 2584, 3348, 2925, 1061, 3732, 530, 2267, 356, 1035, 2031, 2664, 4040, 4358, 3978, 2051, 3824, 1491, 3304, 4348, 1861, 4850, 92, 4789, 1052, 4335, 1317, 1460, 321, 4268, 815, 1251, 4113, 1830, 909, 2043, 2572, 397, 986, 4835, 3514, 4030, 2837, 832, 583, 2694, 110, 1390, 3012, 2860, 2260, 2582, 2628, 2218, 2972, 3109, 158, 3582, 2561, 1048, 1563, 4412, 466, 3290, 1203, 1884, 2832, 3757, 507, 433, 30, 1639, 2506, 4682, 3205, 3672, 1941, 2065, 1606, 1489, 331, 4748, 2700, 597, 3548, 3720, 163, 233, 1561, 2273, 2738, 569, 4184, 851, 1158, 4936, 4995, 4664, 2825, 2917, 853, 4321, 4848, 1485, 557, 922, 575, 2993, 3766, 4431, 2171, 3031, 1154, 3491, 3121, 571, 846, 2105, 4243, 3277, 4109, 4626, 3228, 2520, 3990, 1609, 1875, 3191, 2041, 3185, 645, 4334, 2744, 1670, 4576, 920, 2124, 3956, 4105, 165, 4613, 4653, 2429, 3084, 797, 635, 1775, 2652, 3318, 4204, 4563, 4141, 1205, 3718, 1886, 2319, 1300, 1774, 3295, 3843, 2566, 1341, 4988, 1232, 3558, 3013, 2743, 2618, 87, 4648, 2363, 3161, 3417, 1655, 4275, 1138, 1928, 4736, 330, 753, 4005, 2458, 454, 3789, 477, 1852, 749, 3889, 4050, 4142, 450, 2086, 660, 2211, 1594, 861, 3973, 3224, 4148, 479, 3959, 3063, 1692, 1577, 2046, 3816, 3634, 521, 1444, 2647, 2248, 2716, 3737, 4066, 2632, 2330, 4526, 297, 194, 4239, 4865, 351, 4478, 2766, 994, 204, 3712, 3790, 3464, 4014, 2251, 2889, 1680, 491, 3314, 4544, 3014, 2635, 1211, 2438, 3047, 4667, 559, 906, 1077, 60, 4197, 3996, 967, 4426, 4440, 4325, 870, 1936, 243, 1128, 4467, 1486, 3418, 1419, 3574, 93, 3029, 1298, 1558, 2601, 503, 1406, 1888, 2411, 3000, 1201, 2283, 4641, 1039, 1236, 2269, 2619, 4716, 4855, 1366, 3951, 827, 2281, 3478, 3083, 3454, 3779, 2948, 4570, 4513, 3722, 2592, 4353, 1204, 378, 3016, 266, 395, 1837, 4840, 1143, 2663, 3650, 84, 687, 2761, 1677, 613, 1944, 419, 1051, 4923, 3594, 3887, 218, 3552, 4550, 1362, 657, 1502, 2096, 3540, 3126, 4323, 236, 4278, 4078, 767, 175, 2978, 2510, 117, 3235, 75, 2305, 2005, 2852, 3167, 113, 4004, 2712, 501, 3731, 1190, 3864, 735, 1213, 2711, 4233, 4451, 4573, 2840, 432, 3637, 3736, 3427, 3615, 193, 4901, 176, 1367, 4133, 776, 4127, 1478, 3717, 2178, 2369, 1713, 1451, 2236, 910, 2513, 889, 3135, 1604, 4445, 3606, 213, 1155, 4380, 1990, 4611, 1602, 2945, 835, 930, 3071, 3668, 1273, 1328, 2372, 1022, 3967, 4307, 4574, 2668, 4524, 3652, 4274, 1885, 2013, 1982, 2027, 2354, 357, 3727, 4672, 4482, 4194, 4807, 3372, 2875, 4158, 3291, 3749, 4516, 539, 4851, 2135, 1809, 1464, 999, 1265, 4815, 4345, 174, 3187, 1931, 1684, 1595, 2131, 1041, 4927, 4666, 1811, 2495, 709, 3115, 3328, 1212, 3875, 3143, 2472, 1671, 417, 282, 2345, 3512, 2432, 772, 1650, 2692, 595, 2730, 315, 1752, 3300, 821, 2423, 4858, 2988, 2179, 3404, 4643, 3319, 4833, 383, 2067, 1376, 4592, 462, 3676, 1820, 3595, 4538, 35, 147, 1428, 1457, 2656, 3632, 232, 469, 4745, 4347, 2500, 865, 4245, 365, 2055, 3387, 2620, 1458, 3270, 847, 415, 138, 1394, 4717, 4136, 2502, 1878, 4079, 215, 4680, 3366, 2488, 2833, 1923, 1723, 4735, 1405, 883, 2817, 2699, 2407, 3695, 4684, 2676, 3655, 1548, 552, 3223, 3347, 4711, 3163, 3541, 1989, 4351, 3791, 3077, 1433, 4209, 2574, 3660, 4659, 1192, 2779, 4948, 587, 3726, 2029, 1663, 2522, 4987, 2895, 2560, 4336, 2383, 4046, 1263, 1385, 2773, 2302, 1964, 1840, 3793, 4071, 4688, 1174, 2397, 177, 2214, 1417, 181, 577, 1613, 2071, 