{
    "model": {
        "sigma": 845.0346852682455,
        "n_symm": 12
    },
    "testing": {
        "n_test": 2400,
        "energy": {
            "mae": 0.010688161303432935,
            "rmse": 0.014617943468721896
        },
        "force": {
            "mae": 0.011203621658809145,
            "rmse": 0.017084655739188822
        }
    },
    "validation": {
        "sigmas": [ 2.0, 25.0, 50.0, 100.0, 200.0, 300.0, 400.0, 500.0, 700.0, 900.0, 1100.0, 898.2646164063289, 721.4835054804638, 1077.5015763312824, 745.6847108507487, 769.9255580400531, 794.5861487773795, 819.5546390795585, 845.0346852682455, 869.1956593085849, 1050.3878293707153 ],
        "losses": [ 0.00032241792923539824, 3.496605613457171e-05, 3.5079286454504364e-05, 3.5055780992472295e-05, 3.390860239170516e-05, 3.1006227259712935e-05, 2.73002398572402e-05, 2.4183691568086782e-05, 2.0898474333152057e-05, 2.045002661217881e-05, 2.1422563706161935e-05, 2.0445554272214428e-05, 2.0743837519587026e-05, 2.1271499205516165e-05, 2.060668766260411e-05, 2.0505359787086443e-05, 2.04346183629068e-05, 2.0395241195859672e-05, 2.038308391826184e-05, 2.039855436805323e-05, 2.1100803130129127e-05 ],
        "force": {
            "mae": [ 0.052391937883491675, 0.016486994980674068, 0.016528144522774846, 0.016510947410928473, 0.016157753385814013, 0.015310155606431852, 0.014196399571836304, 0.013188187683582419, 0.011967321777308854, 0.011601302256493352, 0.011633273823415276, 0.01160204368048128, 0.011896320681820062, 0.011619409000116286, 0.011827857913579997, 0.011770060621129442, 0.011720148040215553, 0.01167971168132212, 0.011646363196451175, 0.011622736344305317, 0.011606255342516227 ],
            "rmse": [ 0.07209353135126365, 0.024398637783029604, 0.024455607549471774, 0.024460452889198042, 0.02404670360250635, 0.02293314304460392, 0.021426533089116538, 0.020061488313532487, 0.018432094206111728, 0.01795727606637153, 0.018041995429805707, 0.01795798048764857, 0.01833784291251376, 0.018016069343928732, 0.018246998852922695, 0.018170765689123746, 0.01810601689463585, 0.01805383244171898, 0.01801168855596333, 0.017982330726537748, 0.017989914825264904 ]
        },
        "energy": {
            "mae": [ 0.045560487883717825, 0.00945218754925328, 0.009330261001868621, 0.009196879523685083, 0.009092878546039174, 0.009140871239716034, 0.009190314890227456, 0.009301478709857293, 0.010016473065537866, 0.011616975317083415, 0.01374622431339958, 0.011599369608484266, 0.010147924959535886, 0.013508005411629711, 0.010301144504073817, 0.010474138768358898, 0.010670952889022374, 0.010878626690986494, 0.011097534226482821, 0.011318876015757269, 0.013214603281896416 ],
            "rmse": [ 0.058025160421126064, 0.013762970600453612, 0.013611762798586644, 0.013476378989390714, 0.013356415209325248, 0.013371412451480155, 0.013397345759373732, 0.013507844402330238, 0.014226431030100968, 0.015922854869536634, 0.018271493830217977, 0.01590438683457648, 0.014359006594495042, 0.01799818371917356, 0.014523431410485127, 0.014704449522833256, 0.014906240815228212, 0.015124203503694453, 0.015361312496675385, 0.015600883213312449, 0.01766626114660974 ]
        },
        "idxs": [ 1991, 1220, 2796, 2683, 3626, 2509, 3082, 3396, 2270, 168, 1645, 419, 3118, 1735, 1708, 1023, 4095, 1113, 2884, 545, 4474, 3632, 3452, 1401, 1665, 3681, 4077, 1565, 884, 2071, 162, 4308, 4775, 3238, 4159, 1413, 3130, 3145, 2680, 3167, 1049, 3161, 463, 2167, 2235, 1461, 4294, 1526, 4835, 903, 4867, 2946, 3265, 1595, 4346, 4481, 1781, 4391, 1621, 2353, 901, 4230, 2848, 4169, 4083, 2192, 4623, 3462, 3282, 598, 935, 4111, 2918, 2834, 1077, 4215, 4373, 4780, 4228, 4102, 423, 3337, 1465, 2348, 3418, 3702, 259, 2349, 1510, 4487, 3433, 2239, 1918, 4359, 2565, 3157, 875, 1144, 3331, 3878, 634, 3298, 4147, 4106, 4462, 4306, 4914, 3240, 2069, 786, 4591, 541, 544, 947, 3409, 823, 3448, 4318, 3541, 2501, 2840, 3961, 3051, 4141, 2515, 622, 4030, 3140, 2249, 1348, 3698, 4028, 2789, 273, 532, 2318, 1930, 4892, 3559, 4612, 3248, 1539, 4250, 1408, 1627, 3338, 3750, 1955, 848, 2862, 4425, 4743, 1106, 4517, 96, 2958, 3833, 1331, 3815, 3755, 837, 4260, 2124, 2519, 2845, 2127, 3403, 2837, 1624, 1905, 4959, 1504, 1898, 4109, 2365, 2699, 3402, 1088, 4423, 2526, 4441, 4819, 2779, 3705, 2452, 1103, 1572, 4715, 865, 2462, 4396, 3352, 1578, 1036, 3278, 2760, 4174, 1570, 194, 326, 177, 4302, 1279, 2669, 3347, 4285, 4438, 1300, 989, 2433, 1303, 2358, 1403, 4785, 35, 178, 4011, 3085, 46, 120, 4170, 2120, 2401, 1392, 600, 4097, 3686, 4313, 1728, 861, 2981, 2632, 3512, 1567, 156, 1726, 1949, 3572, 235, 3070, 1085, 3695, 412, 1884, 1314, 4999, 2988, 184, 2296, 2787, 62, 2646, 2781, 2463, 577, 2087, 299, 3253, 686, 1397, 424, 3682, 2413, 1271, 361, 1776, 3175, 3446, 4761, 353, 2258, 1389, 1592, 1430, 2734, 4486, 410, 4471, 1979, 1750, 928, 3052, 2737, 784, 1765, 1777, 2060, 430, 2940, 24, 1792, 213, 2987, 3226, 189, 3303, 1608, 886, 2098, 792, 2442, 3292, 4194, 3069, 4987, 748, 4604, 2450, 4659, 3472, 3909, 981, 4617, 795, 2459, 599, 4551, 3018, 4070, 3026, 2294, 4796, 3846, 1050, 197, 4236, 4675, 4329, 2543, 2453, 3199, 1052, 3669, 1674, 1158, 1176, 4063, 1799, 3672, 4197, 1329, 2122, 4289, 2360, 2364, 3276, 3468, 4966, 2532, 281, 2240, 3844, 1793, 2423, 1899, 3760, 4613, 1498, 3684, 670, 3359, 729, 4651, 4940, 3558, 921, 885, 4311, 121, 334, 3922, 2144, 858, 2974, 829, 4440, 987, 61, 3564, 4390, 377, 4067, 747, 2172, 4235, 4686, 2259, 4238, 1564, 3795, 3597, 4664, 1560, 4160, 4554, 4384, 1920, 4907, 3133, 4526, 3486, 664, 4512, 3476, 4566, 4728, 2493, 4678, 2672, 651, 1791, 3293, 2662, 3840, 3660, 2322, 1680, 3789, 3830, 3102, 4778, 3888, 2003, 2416, 1637, 4941, 1634, 4860, 3045, 1921, 1648, 4577, 855, 4557, 593, 4022, 4473, 2867, 2917, 1743, 4280, 2214, 3930, 565, 3414, 1133, 2386, 2763, 2264, 186, 612, 1468, 4453, 3592, 2079, 2855, 4144, 457, 3196, 4991, 2892, 4817, 294, 3517, 3777, 3063, 3831, 4117, 4193, 3478, 4332, 4211, 1557, 619, 4374, 4720, 2344, 908, 2824, 1475, 4580, 529, 4401, 3321, 2768, 1252, 2820, 4321, 4681, 1372, 1911, 1575, 3128, 3902, 3662, 1506, 1796, 1978, 2528, 1749, 1582, 923, 3449, 4570, 4600, 4996, 3322, 3251, 3181, 1273, 2534, 1895, 4924, 3799, 3230, 307, 3176, 229, 289, 603, 1717, 3999, 1460, 4227, 4301, 4171, 2036, 476, 2658, 649, 2599, 4939, 93, 3206, 4239, 1396, 787, 3328, 1933, 3884, 4261, 414, 2564, 1121, 254, 2720, 2414, 60, 363, 1600, 1006, 759, 2741, 3809, 1290, 3781, 180, 3591, 4428, 1082, 1568, 245, 243, 1142, 1336, 3687, 188, 3903, 1718, 2390, 2993, 3201, 2230, 3342, 1230, 4562, 1803, 431, 1016, 2657, 765, 2562, 838, 4712, 165, 1941, 3291, 733, 3957, 2204, 3191, 2544, 3598, 1890, 592, 1497, 882, 3920, 1054, 4747, 343, 4945, 2035, 4981, 2186, 3875, 3901, 3762, 3492, 17, 2924, 1285, 3765, 2403, 1477, 4671, 1205, 1715, 4366, 1161, 905, 1835, 922, 1535, 2839, 3312, 3737, 971, 2731, 2014, 4150, 1143, 1305, 84, 2606, 125, 4669, 1344, 2320, 1066, 4762, 945, 2288, 4099, 4047, 2819, 2886, 3242, 1844, 4123, 2336, 4559, 3197, 132, 3473, 3377, 1151, 252, 1140, 3208, 4670, 4472, 3194, 1010, 690, 3664, 2718, 3721, 4724, 4508, 3142, 2328, 432, 4608, 2576, 1075, 3235, 1051, 3305, 2738, 4684, 219, 4504, 63, 2097, 1692, 181, 3117, 1854, 3719, 3362, 4915, 2970, 88, 1123, 3151, 4726, 29, 1872, 1481, 2588, 3308, 2556, 4088, 1925, 313, 1880, 3730, 4478, 3841, 1119, 3092, 4605, 1864, 1127, 2995, 3646, 2533, 719, 2967, 3663, 2220, 4341, 1531, 2925, 492, 2105, 3277, 2593, 3185, 607, 2078, 1213, 144, 3034, 597, 2736, 2177, 1240, 4244, 2201, 1543, 4405, 507, 1012, 589, 2954, 3481, 4840, 3542, 3560, 973, 4491, 4033, 2162, 1224, 605, 4125, 3386, 4908, 5, 3204, 1574, 292, 3740, 3649, 4906, 4433, 526, 3263, 4992, 1440, 2592, 821, 2750, 1632, 4303, 1886, 2828, 1997, 3932, 3421, 1266, 4597, 4899, 3827, 173, 3236, 401, 2598, 2482, 801, 1358, 52, 1096, 1528, 1910, 4699, 4951, 1619, 4198, 4525, 206, 2785, 1227, 73, 1682, 4759, 3190, 2810, 1429, 1241, 1527, 1388, 2631, 2969, 2148, 1822, 42, 114, 4278, 983, 4078, 16, 3466, 888, 1274, 1043, 3699, 495, 1380, 2428, 