{
    "model": {
        "sigma": 566.8316729104993,
        "n_symm": 72
    },
    "testing": {
        "n_test": 7869,
        "energy": {
            "mae": 0.07778624114272696,
            "rmse": 0.12737647137638372
        },
        "force": {
            "mae": 0.11541310421620052,
            "rmse": 0.222680786007864
        }
    },
    "validation": {
        "sigmas": [ 2.0, 25.0, 50.0, 100.0, 200.0, 300.0, 400.0, 500.0, 700.0, 900.0, 1100.0, 1500.0, 2000.0, 602.4782496270795, 551.8756588561208, 653.0646724469806, 553.0725243400508, 455.1935977608205, 580.3304015230354, 526.4509098202394, 625.2257242570822, 566.8316729104993, 541.8769121771531 ],
        "losses": [ 0.00900292302305554, 0.008544258617342974, 0.00852884927601697, 0.008479257825581373, 0.007678121941034634, 0.006463117233450086, 0.0055558468676632075, 0.005141160852210528, 0.005277622483767982, 0.006005100583135845, 0.006934545848484947, 0.009379921457161641, 0.014500565336264468, 0.005096330719844046, 0.005080128385225689, 0.005169268441312449, 0.0050796949421329585, 0.005271487505129211, 0.0050814833227114204, 0.005098957912373705, 0.00512355395748074, 0.005078151553108667, 0.005085184558997412 ],
        "force": {
            "mae": [ 0.1735843917955551, 0.16928512288540623, 0.16902950483733623, 0.16745493041269913, 0.15672911146678803, 0.1422860190991747, 0.13050136817179134, 0.1241325016043125, 0.12359323503053062, 0.1311215501278745, 0.14104769582173915, 0.16502064929605184, 0.1979507423393968, 0.12230799935999341, 0.12270112485989282, 0.12269097182305866, 0.12267286067310484, 0.12632889549244264, 0.12236350049641197, 0.12325721977251919, 0.12239227953802544, 0.12248827177769982, 0.12289084061376034 ],
            "rmse": [ 0.32697471903857755, 0.3186212514076011, 0.31835639552181355, 0.31744043290875595, 0.3018973471834522, 0.27651286276643816, 0.2555587804588865, 0.24471114690754822, 0.2452662829858432, 0.258928604649469, 0.27627008687714627, 0.31477055573692253, 0.36173367362533143, 0.24232531939891994, 0.2426050273376663, 0.24337982087389035, 0.24257440519609114, 0.2483368408895109, 0.24226381275512057, 0.24337736195627274, 0.24265721747510255, 0.24236521345735562, 0.24285809490930554 ]
        },
        "energy": {
            "mae": [ 0.0511793637387308, 0.04837782034722841, 0.04806197178591901, 0.04766362914997444, 0.04904361501750827, 0.05299717136274557, 0.060088459072299885, 0.07104522340169933, 0.10360969926313555, 0.1408136709126993, 0.161854472711173, 0.21089302824271727, 0.49995191213834916, 0.08599594399578928, 0.07792588126532791, 0.09459195165935672, 0.07828579561843071, 0.06558084296663583, 0.08240481620271749, 0.07445217436540406, 0.09022152516114874, 0.08017321599529532, 0.07632400102454995 ],
            "rmse": [ 0.09672165331117867, 0.09181510222406866, 0.09107674156822668, 0.09049242425373161, 0.09107940930902675, 0.09565752828493443, 0.10645312514299134, 0.1228272772948085, 0.1626837483054182, 0.20447462540025868, 0.23960713120149776, 0.33514368469618905, 0.5996911246681897, 0.14243151033449933, 0.13242423409879983, 0.15268388059272545, 0.1327277052640134, 0.1149878079974958, 0.1380230929316094, 0.1276373324335357, 0.14719947625047408, 0.13530588626868265, 0.13045307090392338 ]
        },
        "idxs": [ 2174, 8551, 91, 8802, 7229, 9438, 10164, 6067, 7379, 4940, 3626, 4374, 9539, 5062, 7971, 701, 185, 4957, 6007, 5355, 9606, 4998, 7170, 8203, 5118, 9704, 34, 1244, 1323, 6816, 1879, 9755, 3628, 3488, 8605, 5401, 6267, 1631, 5552, 8690, 6090, 5698, 6680, 4221, 6614, 3458, 2780, 8832, 3799, 1376, 9906, 9845, 5922, 1671, 6312, 4772, 4950, 8308, 2465, 4546, 5743, 1807, 1109, 8232, 7179, 9488, 2014, 3398, 8539, 1607, 4869, 2289, 1858, 7903, 6972, 181, 5143, 477, 3772, 5125, 5225, 7482, 1775, 4484, 2798, 616, 1747, 5293, 2906, 111, 5780, 5132, 4521, 199, 4631, 5690, 4208, 2905, 6871, 8270, 4799, 6736, 6084, 8856, 6749, 9141, 5202, 1254, 6042, 1830, 7200, 1114, 4536, 7044, 7129, 4010, 8188, 2446, 10030, 6358, 487, 8093, 9834, 3506, 6897, 7742, 8982, 4661, 4750, 8981, 2066, 8944, 1196, 7481, 8298, 880, 2694, 540, 425, 7571, 4835, 4662, 3130, 5637, 9765, 3467, 4042, 308, 5592, 3418, 3709, 5254, 7132, 1742, 9180, 952, 2430, 5605, 2145, 2311, 6609, 6927, 8099, 3957, 7183, 4600, 6382, 3812, 5756, 4503, 6729, 4250, 6065, 6134, 4146, 9439, 893, 7363, 600, 3588, 4001, 4793, 5110, 125, 179, 9196, 878, 5627, 1617, 491, 1243, 286, 5, 9791, 10081, 5520, 5060, 2660, 2566, 7038, 9423, 3312, 9758, 7444, 5290, 9434, 8597, 5772, 236, 8783, 4238, 3584, 5880, 8314, 8590, 8296, 7744, 2330, 1922, 5932, 2280, 650, 4653, 1140, 9021, 8213, 7215, 495, 4589, 2771, 9190, 2530, 3166, 8431, 6829, 3563, 5407, 7838, 1252, 8527, 3232, 577, 7670, 3007, 1702, 3901, 5113, 3871, 710, 8060, 2690, 4514, 8932, 3865, 2188, 9893, 8545, 4391, 7067, 8207, 8827, 9666, 7380, 4510, 5395, 8131, 3985, 3296, 1646, 9708, 3305, 7749, 7271, 9446, 7775, 1870, 6051, 2561, 5528, 8224, 8641, 3780, 2697, 8436, 5358, 7962, 2806, 5144, 5229, 8913, 4675, 1003, 3281, 4571, 4986, 6926, 4890, 9934, 7461, 3046, 1957, 2874, 2486, 8500, 9392, 10091, 7370, 514, 9470, 1083, 2419, 7163, 8956, 3891, 3885, 5946, 3510, 1392, 9422, 9302, 7520, 5600, 293, 8717, 6959, 373, 8838, 5168, 6669, 9836, 6738, 949, 8530, 5512, 7906, 6003, 7692, 5655, 4416, 3241, 7731, 7839, 498, 5574, 3813, 9669, 2462, 9390, 1513, 2072, 4734, 826, 5668, 5260, 6748, 5370, 1612, 9764, 1901, 8292, 985, 6815, 4701, 7258, 6584, 762, 8571, 5323, 3223, 7543, 9649, 6338, 6885, 7120, 2714, 7826, 1640, 9105, 5707, 1475, 5082, 1672, 9305, 2083, 9274, 6209, 2653, 9881, 1686, 730, 9449, 9397, 9909, 380, 6617, 8256, 5674, 4077, 7317, 1550, 6364, 1916, 3818, 5138, 7225, 8388, 8009, 7933, 4900, 7738, 8288, 5566, 9094, 6820, 3932, 7079, 1744, 5152, 4553, 4085, 2096, 2867, 941, 960, 6895, 3886, 7383, 7199, 9005, 3031, 8845, 4355, 6978, 5042, 1715, 6198, 4226, 5420, 7673, 7432, 9227, 6988, 1357, 3461, 3758, 4349, 7377, 2646, 6344, 8181, 7279, 1515, 1411, 6967, 2483, 6025, 4528, 37, 1482, 1007, 1049, 570, 8810, 1048, 9917, 689, 4390, 7353, 741, 5474, 9264, 7991, 8140, 6969, 7659, 8300, 6516, 3913, 5325, 4974, 8864, 3942, 3607, 3157, 6488, 9999, 4348, 4567, 7356, 2268, 8578, 9215, 8280, 3171, 497, 8115, 2379, 2103, 9242, 7855, 3554, 8562, 3081, 5638, 6766, 7722, 5555, 9238, 958, 8872, 8141, 6409, 7177, 4290, 1267, 1299, 9504, 8375, 4904, 8928, 5963, 7097, 8722, 8087, 10050, 2061, 7754, 6830, 5345, 5708, 4824, 1241, 4233, 2938, 2204, 2440, 9829, 8041, 7589, 6847, 4344, 9736, 7777, 1498, 3440, 5869, 7036, 4792, 4500, 8506, 1467, 4066, 10123, 7631, 784, 2977, 5969, 7161, 6010, 8185, 10150, 4316, 1260, 9487, 1384, 7735, 2160, 1684, 10154, 1596, 7611, 9888, 6768, 9721, 265, 4564, 1066, 9512, 652, 8914, 6349, 9543, 4136, 7409, 5670, 4366, 8918, 2688, 9514, 4603, 6865, 4451, 7287, 4934, 3522, 4716, 3076, 10163, 1767, 2578, 4457, 4999, 2958, 8427, 817, 552, 5805, 5614, 8229, 1118, 2455, 6070, 7415, 1589, 6594, 1062, 4223, 8888, 9618, 1493, 6128, 6585, 6106, 2861, 7654, 3651, 4687, 7465, 1594, 1043, 6566, 2237, 6958, 4140, 3557, 4720, 5776, 7020, 9617, 8950, 7598, 5241, 9111, 7487, 3824, 8808, 7559, 9683, 3655, 363, 6159, 1010, 9599, 2342, 4963, 7723, 887, 4658, 9540, 3528, 8328, 1439, 4541, 3282, 756, 8660, 1972, 2354, 5458, 1155, 7805, 8464, 10078, 8866, 9575, 4261, 7843, 8825, 8244, 4626, 2888, 1998, 3736, 1905, 6667, 8830, 311, 5710, 7267, 10145, 2332, 5165, 1652, 3848, 4833, 4994, 10020, 9986, 3315, 8434, 6675, 2923, 9633, 564, 2244, 7993, 6057, 1549, 2979, 6552, 5741, 5333, 1370, 2556, 7712, 4227, 8908, 9485, 6353, 7282, 6898, 9084, 6580, 7648, 4990, 6456, 9957, 3326, 9363, 6418, 4447, 2508, 7211, 8640, 3017, 8625, 2705, 8520, 7925, 8642, 733, 533, 5284, 7817, 3100, 4111, 7580, 6249, 1710, 5537, 2942, 10072, 3435, 2493, 3877, 2173, 3995, 4423, 8056, 8979, 4827, 9279, 4131, 726, 6375, 8835, 9831, 319, 10114, 4173, 1813, 3301, 5397, 9894, 7974, 9912, 5375, 5606, 7286, 9142, 9286, 10167, 2022, 8008, 4117, 1675, 8978, 9773, 4184, 1543, 5410, 6872, 1256, 5238, 5364, 