{
    "model": {
        "sigma": 553.8007023304385,
        "n_symm": 72
    },
    "testing": {
        "n_test": 7669,
        "energy": {
            "mae": 0.06169251532760474,
            "rmse": 0.09241231098796254
        },
        "force": {
            "mae": 0.08747494186133864,
            "rmse": 0.1529133389847788
        }
    },
    "validation": {
        "sigmas": [ 2.0, 25.0, 50.0, 100.0, 200.0, 300.0, 400.0, 500.0, 700.0, 900.0, 1100.0, 1500.0, 2000.0, 498.0843083199352, 421.94929044576577, 677.5311592892717, 445.7599307518483, 469.3989503356761, 652.8723194171266, 628.3595752150686, 603.6290798099997, 578.8578708310513, 553.8007023304385 ],
        "losses": [ 0.25882393097240824, 0.0045980960018108955, 0.004596605980256243, 0.004528138476955532, 0.0038935169505387997, 0.003047838610249791, 0.00248395673548175, 0.002281594486898236, 0.0025193611831705732, 0.0031739535227889174, 0.003964205853497367, 0.005921519628043642, 0.01075615833583812, 0.0022831555194209488, 0.002412553850618599, 0.0024662481005023537, 0.0023540087327070234, 0.002313010647382596, 0.0024110716284557196, 0.002364808207885018, 0.0023271971137594763, 0.00229838616170486, 0.0022803474727969256 ],
        "force": {
            "mae": [ 1.2144871330368012, 0.13609086428369585, 0.13602062517583777, 0.13456726723027013, 0.12292768351636807, 0.10781400886537444, 0.0969264232219088, 0.09208690427924884, 0.09413246559275255, 0.10421708036405229, 0.11591076986805128, 0.14012058677121558, 0.1729079832176882, 0.0921425266333142, 0.09540279584248441, 0.09341700677897603, 0.09409064620084877, 0.09308457658904368, 0.09267719538997332, 0.09213154428196808, 0.09171349332365879, 0.09148806381889972, 0.09142386020839278 ],
            "rmse": [ 1.7569298928977106, 0.23405830066608627, 0.23401943560917796, 0.23225197501681039, 0.2151799473277177, 0.1898942042892448, 0.17051431038917064, 0.1622785376049489, 0.16846384304664075, 0.18790698821666507, 0.20938069879455778, 0.24984663842780955, 0.29742294610601316, 0.16235820848182062, 0.16779806223337385, 0.16682477851501812, 0.1654731708420838, 0.1637579985238279, 0.16518693150578453, 0.16383904536377444, 0.16275982888576432, 0.1620083003394104, 0.16162233280851815 ]
        },
        "energy": {
            "mae": [ 0.307176058467278, 0.03916829057851464, 0.0392682584752356, 0.03961614969350194, 0.04041453066777058, 0.041860657947523576, 0.04894100453374995, 0.0591472903677859, 0.08013763983101671, 0.10020537571845489, 0.11561803192632943, 0.19021804138385778, 0.5068932157522286, 0.05888510350592696, 0.051002326187597646, 0.0786231761246454, 0.05358599273372238, 0.055560669915816104, 0.07531324775884422, 0.07209951385502791, 0.06988610943927051, 0.06693783118451392, 0.06490474718627956 ],
            "rmse": [ 0.3987953016203732, 0.057290481396324484, 0.05731313987187177, 0.057495059516540624, 0.05914626464017213, 0.06546338037101687, 0.07812120808326078, 0.09330997068811475, 0.12423994875521033, 0.15216235991009477, 0.17630922679275451, 0.2682488397434852, 0.5817609128017929, 0.09299096603187951, 0.08136627670335268, 0.12125972398957666, 0.0849869854718372, 0.08848002072318972, 0.11712305498818633, 0.1130805652660704, 0.10937715583362746, 0.1054334134890245, 0.10175097096570734 ]
        },
        "idxs": [ 2174, 8551, 91, 7229, 9438, 6067, 8937, 4940, 2842, 4440, 8097, 9206, 4627, 488, 185, 6007, 5389, 5504, 5355, 838, 8074, 7170, 2551, 8214, 2218, 6816, 10127, 6659, 7471, 9527, 5401, 760, 6090, 6442, 2664, 9251, 8832, 7641, 6324, 4383, 4461, 1991, 1671, 6864, 9906, 251, 890, 841, 5422, 6292, 6285, 3367, 2465, 8308, 9345, 1834, 2214, 10109, 1109, 3398, 2275, 3629, 6564, 7032, 5143, 8760, 4735, 5558, 5884, 6646, 616, 3923, 141, 739, 1670, 3174, 1068, 6171, 6966, 4027, 6094, 4521, 360, 9469, 2374, 4208, 1587, 3715, 5917, 5657, 106, 284, 4804, 6736, 8739, 4167, 4026, 1254, 1830, 6176, 3395, 4744, 8188, 2446, 7129, 3470, 8356, 6216, 9975, 9023, 6459, 7397, 6472, 1876, 307, 8730, 6435, 6252, 6483, 3412, 7366, 8231, 3106, 6888, 10061, 2187, 1283, 4042, 4436, 3641, 7787, 8499, 692, 10113, 7558, 4768, 9180, 308, 8816, 6368, 3900, 8046, 1456, 2145, 1711, 8602, 6170, 3431, 9087, 9358, 4600, 6382, 41, 5228, 4429, 6065, 5607, 6729, 7531, 9923, 1764, 6114, 1713, 3778, 4712, 1864, 7891, 2926, 4593, 878, 5811, 5105, 5826, 5162, 5483, 8948, 9271, 2077, 3242, 4700, 3297, 9747, 5520, 7038, 1219, 205, 1250, 3054, 7149, 8829, 7394, 1264, 9980, 9785, 4123, 8755, 970, 6578, 9019, 5411, 10126, 1922, 2819, 4973, 1651, 1130, 8476, 2416, 797, 7215, 9406, 4728, 3079, 2964, 2843, 5672, 9572, 4589, 594, 8891, 3471, 3563, 6697, 3452, 7570, 591, 7838, 450, 7670, 8799, 7610, 3097, 8060, 2700, 8339, 6263, 5113, 7093, 3152, 1497, 607, 6398, 9404, 4991, 3093, 7418, 953, 728, 5395, 9342, 6389, 1828, 7380, 6794, 995, 9419, 9880, 2384, 3133, 299, 4692, 3853, 3208, 937, 3694, 7775, 5528, 3553, 8900, 1133, 984, 1403, 1003, 4000, 4207, 5728, 7962, 4890, 7108, 8510, 8913, 2355, 8805, 6759, 1163, 9934, 850, 5264, 6573, 1421, 514, 9422, 7306, 7636, 5600, 7972, 2317, 9302, 10091, 188, 3891, 9470, 4782, 7186, 2393, 7509, 1083, 3885, 6738, 9079, 7489, 4020, 2419, 8458, 5849, 6711, 1513, 8419, 3526, 7564, 4416, 5442, 8343, 8169, 9596, 2133, 3752, 9600, 1548, 371, 6807, 3801, 6533, 4939, 4076, 5652, 3587, 6748, 8898, 3045, 7045, 3241, 1242, 1319, 1970, 3071, 5839, 2491, 9909, 919, 351, 5815, 6338, 7022, 7061, 3533, 2603, 9305, 3402, 9328, 6694, 5734, 3289, 9936, 5328, 6261, 1520, 4531, 348, 10165, 6209, 136, 730, 9555, 3653, 6813, 7120, 5904, 9391, 5948, 5323, 390, 1438, 2761, 8313, 5016, 4648, 7911, 1479, 5217, 7399, 7922, 3396, 8204, 224, 1340, 7058, 6049, 5150, 6767, 9280, 697, 2687, 4355, 1835, 321, 6198, 1334, 1137, 3155, 5291, 4300, 9498, 1579, 1909, 6316, 4299, 972, 10052, 2497, 8355, 8953, 4898, 5019, 9528, 1316, 6978, 9137, 7607, 6621, 1357, 7662, 9947, 3701, 2015, 8861, 2268, 4902, 8040, 4063, 503, 8280, 2225, 2940, 6821, 1048, 5994, 8115, 3461, 8639, 3225, 1211, 1797, 7441, 6412, 6498, 3814, 6496, 8889, 5471, 9264, 1393, 2646, 4696, 7706, 3567, 4974, 906, 275, 4349, 5311, 3835, 9215, 8633, 933, 9361, 8300, 2899, 7842, 3758, 398, 4490, 9917, 8700, 7055, 5739, 7501, 497, 4066, 1299, 7421, 4089, 10017, 936, 6124, 2054, 8426, 3213, 8141, 5205, 1113, 2089, 6409, 958, 9854, 213, 5484, 973, 1093, 4749, 5869, 2061, 7631, 4290, 6289, 9580, 7674, 6390, 8041, 1241, 4115, 6915, 4381, 9941, 8083, 4824, 9741, 673, 1889, 7223, 6612, 3394, 4953, 811, 10050, 1825, 6202, 505, 435, 1625, 9242, 7589, 353, 9176, 4319, 9829, 4122, 8229, 6560, 4862, 6128, 10163, 2428, 174, 3072, 3422, 265, 2228, 8936, 776, 1964, 7628, 7142, 6144, 5069, 3101, 5167, 2882, 9366, 652, 10159, 1767, 1493, 1367, 2861, 6232, 6010, 6023, 7160, 8745, 2265, 1102, 5912, 2160, 7820, 7401, 7863, 5493, 8449, 3512, 5299, 4981, 4255, 8000, 9487, 8044, 3414, 1496, 769, 8129, 5194, 3482, 8611, 1374, 9373, 7735, 4857, 8336, 6768, 6163, 4966, 2455, 5805, 3148, 9699, 5129, 5776, 1010, 8945, 8721, 3740, 3006, 3030, 4784, 4140, 7805, 1430, 5427, 9455, 2900, 5729, 2194, 6976, 3088, 9575, 1214, 391, 6073, 8347, 1972, 5887, 2081, 3167, 3423, 2863, 6675, 4994, 6565, 10145, 8192, 7133, 6240, 2244, 6428, 6040, 4594, 2815, 4364, 3929, 8538, 6513, 756, 1253, 3905, 9986, 5458, 344, 8273, 2555, 2529, 3016, 2541, 3528, 5724, 336, 1674, 9594, 7786, 5579, 2191, 8278, 4613, 7843, 2399, 8073, 1439, 9478, 922, 9198, 2902, 3464, 7495, 5485, 4285, 3530, 6521, 2121, 6784, 6619, 7486, 1287, 6898, 3178, 4831, 5078, 2766, 6110, 2934, 9384, 5313, 2870, 726, 256, 6335, 2556, 9254, 9894, 4439, 2032, 2167, 264, 8524, 10114, 222, 8534, 9759, 1485, 6353, 883, 2100, 2039, 4081, 8729, 9994, 5410, 9400, 3888, 8601, 5561, 967, 7807, 9452, 4227, 171, 9892, 825, 282, 8858, 533, 5326, 9232, 5065, 2705, 4612, 5862, 5973, 7294, 8525, 9485, 3445, 3457, 3176, 5897, 1064, 8286, 1344, 4447, 8873, 8429, 7817, 4649, 3995, 2979, 3221, 6345, 6552, 4173, 4198, 9960, 9303, 3098, 2919, 4885, 9761, 8249, 3947, 3196, 1718, 6167, 2387, 9415, 4184, 6913, 8307, 6695, 9381, 