{
    "model": {
        "sigma": 95.24914262807162,
        "n_symm": 6
    },
    "testing": {
        "n_test": 10606,
        "energy": {
            "mae": 0.015082276130085948,
            "rmse": 0.022186827286187996
        },
        "force": {
            "mae": 0.18780143721602077,
            "rmse": 0.27455587400180953
        }
    },
    "validation": {
        "sigmas": [ 2.0, 25.0, 50.0, 100.0, 200.0, 300.0, 400.0, 500.0, 700.0, 82.0150833858862, 186.43449050855057, 58.92695325352326, 135.70576059691751, 77.33978308373662, 61.20874066288401, 132.00994029514916, 90.51689074623789, 74.95835016094259, 50.29154088941305, 114.05090678929304, 158.152807271299, 106.10270110658155, 95.24914262807162, 87.90128123334483, 95.16239267504889, 98.80978695662147, 92.96767839271949, 96.2348532734778, 92.4154564746695 ],
        "losses": [ 0.03285616886296425, 0.012577139205230995, 0.01250693620204964, 0.012195350396669361, 0.017963532847546128, 0.046156728337738644, 0.11367661396297166, 0.2289656285769622, 0.47270688826445645, 0.012242356711358229, 0.01630787566377719, 0.01245110574858707, 0.012924703797371942, 0.012283204708079885, 0.012432879056961312, 0.012795805136623753, 0.012193466963446132, 0.012305986088669731, 0.012505504477587094, 0.012340960885742526, 0.013995461822750459, 0.012235759229886322, 0.012185409611971431, 0.012205202857237094, 0.012185658641086089, 0.012192052440785464, 0.012186046115610565, 0.01218706520848551, 0.012188600048830451 ],
        "force": {
            "mae": [ 0.32054952877636206, 0.19054795113022757, 0.1899999092436893, 0.18808472822018324, 0.2313419390414743, 0.3772001594447832, 0.5967073402255922, 0.8530732236388168, 1.2321766932280662, 0.18817394407703522, 0.21991004338840534, 0.189599660863485, 0.194463744399451, 0.18844560478124492, 0.18946955706953073, 0.1934313188977933, 0.187915164250781, 0.1886003246611812, 0.18998838076873376, 0.1895218167164882, 0.2029087301437279, 0.1885118685638454, 0.18792290371816853, 0.18796880183813944, 0.1879248938632727, 0.18803849544830376, 0.18789370473088626, 0.18794924016795647, 0.1879021349228709 ],
            "rmse": [ 0.4439259666908078, 0.2746582408461512, 0.2738904283572687, 0.27045210547616694, 0.32797547441834607, 0.5246312190508772, 0.8229599598742295, 1.1684750308880625, 1.6800603522297386, 0.27097601483749845, 0.3125757244074033, 0.2732781853203697, 0.2784032075555242, 0.2714282229348323, 0.2730780055528017, 0.27701481052706484, 0.27043317670946404, 0.27168002884141573, 0.2738747476305449, 0.2720573778633996, 0.28966971981631945, 0.27089813404736546, 0.27034292266962895, 0.2705637158999041, 0.2703457064501843, 0.27041582285796967, 0.27035042478306176, 0.27036108327816943, 0.27037887382729847 ]
        },
        "energy": {
            "mae": [ 0.024463240157667314, 0.014512726933433442, 0.014499092298516189, 0.015094966830089106, 0.047280379532821826, 0.14190474415998325, 0.23698263056650468, 0.3105335562362598, 0.38940595965861574, 0.014652615247177892, 0.037926045281928965, 0.014504629872593796, 0.01822933562568505, 0.014596013387505082, 0.01450838185143948, 0.01766332297793997, 0.014811193422458018, 0.014573375997366383, 0.014498790707453735, 0.015841725588121334, 0.023949039539220392, 0.015361788531794445, 0.014936836165492422, 0.014752297594532138, 0.014932905445224605, 0.015050407749469741, 0.014873546247763443, 0.01496531700831838, 0.014856995255016955 ],
            "rmse": [ 0.03335397912724919, 0.02069056414711984, 0.020676261174646115, 0.021510084272437936, 0.05962176131492191, 0.16844653076582064, 0.2827421741220696, 0.37549686312304614, 0.4767693791276487, 0.020872490243220906, 0.048933712620616215, 0.02068329419608673, 0.025780097952798803, 0.02079585011417748, 0.02068704307526343, 0.025041821152123993, 0.021094515679275585, 0.020767948360354838, 0.020675861863492944, 0.022564154665663614, 0.032717059270291934, 0.02189229277377444, 0.021276682961878478, 0.021013004647338695, 0.02127238055449376, 0.02144659753898976, 0.02118352869624005, 0.02132131154806853, 0.02116005705116858 ]
        },