E_unit,R_unit,E_mae,E_rmse,E_sse,E_max_abs_err,F_mae,F_rmse,F_sse,F_max_abs_err
kcal/mol,Angstrom,0.014521365355123595,0.019430712856788688,0.7551052042459466,0.10553679339095529,0.05866478363740866,0.0819539380866735,241.79212684491517,0.8981619126400382
