{
    "model": {
        "sigma": 737.5580384126514,
        "n_symm": 72
    },
    "testing": {
        "n_test": 7969,
        "energy": {
            "mae": 0.10609881876266448,
            "rmse": 0.1857753971225686
        },
        "force": {
            "mae": 0.14128585705358512,
            "rmse": 0.30164545814104327
        }
    },
    "validation": {
        "sigmas": [ 2.0, 25.0, 50.0, 100.0, 200.0, 300.0, 400.0, 500.0, 700.0, 900.0, 1100.0, 1500.0, 2000.0, 2500.0, 699.0486555284108, 814.3768620083838, 590.8856231029349, 765.7055538657568, 637.2008129725994, 860.0761040165071, 546.9421266606645, 737.5580384126514, 664.6287809757769, 789.979698774948 ],
        "losses": [ 0.018041325766878898, 0.016590371666115145, 0.016317753613466712, 0.01603720086402983, 0.014813290829528656, 0.012515550225968144, 0.010645538324973875, 0.009520957754956464, 0.008792616981060625, 0.009025582239842461, 0.009770819178004628, 0.012464666146611706, 0.016505552757338136, 0.02036169126694972, 0.008793290089643168, 0.008855612617276867, 0.00900204365917854, 0.008802789175775231, 0.008869973259623928, 0.008935133237726102, 0.009203729965234471, 0.008788552332771793, 0.00882362159849576, 0.008824830785265251 ],
        "force": {
            "mae": [ 0.2616725963773544, 0.21813617760396806, 0.21617585248982935, 0.2130253045200298, 0.2008875704534878, 0.18208019954743004, 0.16624218616886355, 0.15597116971794595, 0.1483136714335957, 0.14946839356802571, 0.15486925403224983, 0.1733891626795963, 0.19798028670778872, 0.21807673661403215, 0.14832457380577863, 0.1483574386083155, 0.15084150026803467, 0.1481128469410515, 0.14938401972860807, 0.1488658171480512, 0.15290368273005905, 0.1481114122141539, 0.14879661470629799, 0.14819805189012947 ],
            "rmse": [ 0.4626219075481301, 0.4436822103615494, 0.44004979581519027, 0.4362748550369629, 0.41912056276067217, 0.38476393911337514, 0.35419472786951833, 0.334045499927663, 0.3188129606526974, 0.3211952447867311, 0.3322537813320325, 0.3667884987260041, 0.4084425897330564, 0.4404210652233416, 0.3188346403596627, 0.31886746203219296, 0.323804049069233, 0.3183510514836777, 0.320896211480858, 0.31990544671315235, 0.32791869064505563, 0.31836189908861845, 0.3197512436122138, 0.31852520192942796 ]
        },
        "energy": {
            "mae": [ 0.07628459638327448, 0.06746963520278859, 0.0667092052973967, 0.06603196887753439, 0.06607335569900169, 0.06690981041663327, 0.0706991121211031, 0.08042141043537412, 0.10418163240878493, 0.12017050114901212, 0.1329621253433288, 0.24658380915274028, 0.4027974279139744, 0.5334108037386177, 0.10405705650235177, 0.11447036252096586, 0.09149236122719594, 0.11040423259229283, 0.09711023753191694, 0.11782742401314317, 0.08602927325853671, 0.10784769160498399, 0.10033248883801571, 0.11258044518659881 ],
            "rmse": [ 0.1436685960546043, 0.1363376996673938, 0.1344501321621367, 0.13262293764764568, 0.13220702910969334, 0.13364486115499932, 0.13821947068353388, 0.14902731957472468, 0.17957588675796513, 0.20697426580176226, 0.23904767527666765, 0.35405026669557077, 0.5102391921132984, 0.6478784641101919, 0.17944249734577392, 0.19559509759684632, 0.1626720042629811, 0.18899025831462782, 0.1699338246867388, 0.2017032477009167, 0.15583356261425116, 0.1850299345590206, 0.17422689685177375, 0.19234658733217666 ]
        },
        "idxs": [ 3239, 8551, 91, 8802, 770, 10164, 10062, 5337, 4467, 9085, 5516, 4374, 5062, 211, 4189, 701, 5747, 1112, 765, 6278, 5419, 496, 2220, 838, 6841, 3846, 7292, 7964, 2218, 9574, 1244, 9755, 3999, 9012, 6659, 3875, 8432, 6442, 6090, 10027, 9766, 9016, 6509, 2091, 6321, 6998, 1991, 9251, 7641, 1376, 2198, 6864, 1577, 6312, 3493, 7056, 4772, 3481, 5422, 7859, 7832, 6787, 1431, 8341, 7263, 4598, 3682, 8382, 6564, 9919, 2275, 5575, 2929, 1858, 2746, 9110, 8363, 1248, 4888, 7505, 1775, 4248, 616, 141, 6646, 5759, 6094, 4282, 5780, 5132, 6171, 451, 8678, 8205, 2905, 4631, 8166, 3944, 263, 5690, 523, 106, 5657, 4959, 8856, 4266, 3991, 2564, 9193, 2406, 6032, 3357, 1974, 6042, 10111, 9248, 10030, 8356, 134, 4010, 6501, 1129, 7715, 254, 6216, 1876, 487, 1425, 4661, 4086, 8981, 4579, 6483, 7624, 2187, 6888, 425, 4237, 8298, 9062, 7366, 3127, 3613, 4436, 6637, 1572, 3130, 3863, 8462, 9180, 4332, 5675, 2303, 10033, 4768, 1742, 5608, 2226, 9910, 4060, 7429, 4651, 1456, 7562, 5942, 8653, 7867, 6170, 3812, 4600, 8059, 1312, 5720, 6716, 8033, 3010, 2535, 9121, 9861, 9589, 6114, 8386, 5785, 5593, 2926, 5110, 885, 1864, 6919, 3725, 227, 3228, 959, 9196, 4005, 2660, 2928, 9747, 4636, 1018, 2097, 6832, 8443, 2413, 7038, 7437, 9434, 9680, 896, 7149, 8597, 9106, 6078, 8783, 9006, 6986, 9801, 9019, 10043, 2277, 1753, 9966, 3880, 6980, 4973, 5460, 4469, 5373, 5705, 7695, 7694, 5771, 8135, 5376, 7699, 2024, 8891, 2530, 2771, 4912, 968, 3563, 3436, 2843, 7068, 3452, 6512, 1702, 7610, 8245, 7684, 7973, 4691, 3024, 9421, 5175, 3486, 8339, 8559, 3871, 5027, 9895, 710, 5507, 728, 10116, 9299, 9807, 9342, 6794, 3985, 1828, 8714, 3184, 9666, 8131, 369, 2049, 1641, 7271, 8627, 4401, 7644, 6486, 3094, 8224, 937, 6742, 7515, 3344, 5528, 5642, 7775, 5661, 2561, 560, 4890, 5123, 8798, 2459, 2500, 5440, 4665, 3046, 7043, 9554, 2453, 4675, 9712, 5144, 5264, 9619, 5738, 9742, 6158, 188, 9836, 4853, 5365, 2270, 9079, 7167, 2393, 6731, 9392, 5120, 1897, 7499, 7252, 6849, 613, 4711, 9470, 7489, 4679, 7860, 7116, 7636, 6738, 4850, 373, 4201, 658, 2255, 985, 7045, 5035, 2759, 6109, 5305, 6550, 2491, 9390, 8407, 8876, 4339, 4463, 2462, 4734, 8404, 7839, 8177, 3813, 5574, 9095, 193, 8169, 1970, 9566, 9163, 2136, 3654, 5655, 8343, 5017, 6424, 5818, 8651, 1686, 5959, 9107, 9926, 8854, 9191, 7930, 1994, 4531, 9379, 955, 348, 598, 5863, 5564, 5226, 1672, 2321, 8801, 110, 3289, 9555, 351, 7258, 8794, 3011, 5852, 7061, 1961, 9783, 1181, 5842, 7850, 7225, 697, 3932, 3031, 1047, 48, 4898, 8544, 6316, 1968, 5566, 3527, 6840, 1076, 4743, 4017, 7121, 1755, 2867, 4206, 4191, 5150, 9103, 4714, 8388, 7317, 3396, 3886, 926, 4300, 3144, 8628, 1835, 1366, 4518, 8614, 9501, 7726, 2761, 2525, 8780, 7084, 7911, 4353, 1316, 9014, 9950, 4153, 1723, 2013, 38, 2679, 3646, 7706, 3913, 6969, 8639, 5550, 4490, 9732, 1055, 1411, 5237, 1440, 8040, 7501, 2899, 4279, 7353, 9871, 1638, 1507, 2379, 5773, 2068, 1007, 6355, 4369, 7842, 9010, 2483, 1524, 8911, 4305, 3052, 6157, 3779, 1393, 3607, 2933, 3171, 7992, 6914, 5471, 4063, 5814, 482, 1211, 687, 7957, 7097, 6206, 9242, 7631, 7094, 784, 2440, 9932, 5638, 9573, 7529, 1267, 528, 986, 8792, 3394, 9176, 7674, 7234, 2026, 5136, 4968, 8357, 7190, 5869, 4409, 1980, 4381, 5717, 6446, 1404, 5279, 5981, 1132, 5183, 1093, 3737, 5188, 2089, 7036, 2390, 8087, 8064, 6409, 1630, 8290, 8179, 8881, 6766, 10050, 6121, 1212, 350, 4066, 9655, 2053, 833, 9159, 9238, 3195, 1174, 618, 9582, 2455, 9643, 9937, 7943, 7204, 6560, 4844, 6128, 1102, 5307, 5643, 7280, 1080, 4945, 8512, 4999, 1384, 9784, 8927, 2773, 7663, 4857, 4934, 4136, 1367, 5167, 2265, 3443, 3651, 4205, 6349, 6860, 3540, 4451, 5262, 9317, 6768, 5621, 4887, 7735, 776, 4862, 4797, 1847, 8616, 10163, 6650, 7808, 1690, 1306, 3121, 8171, 7298, 5180, 9456, 8229, 7142, 5758, 160, 2313, 6769, 2424, 6594, 9548, 6351, 8538, 9088, 7357, 2978, 1802, 8263, 9963, 10020, 7740, 8192, 1473, 3095, 7267, 9167, 9426, 2820, 3528, 875, 8552, 9575, 4212, 4658, 7948, 7328, 8830, 5072, 6508, 5458, 5883, 8701, 1332, 4687, 1227, 7087, 7233, 9820, 7676, 2748, 5579, 3088, 9478, 2244, 9269, 7351, 4820, 3848, 2555, 819, 8403, 564, 8242, 8993, 7835, 8603, 9108, 6566, 6491, 3557, 2501, 2121, 336, 1668, 3917, 1209, 5876, 8434, 7428, 3827, 9380, 5485, 3664, 3059, 7539, 2815, 3905, 9111, 2081, 1043, 6057, 6675, 79, 7201, 8975, 6913, 3100, 1720, 5177, 4160, 2467, 1675, 6552, 9711, 6194, 6456, 319, 5645, 7909, 2451, 1287, 545, 1756, 182, 3552, 5827, 8377, 9384, 222, 7937, 2716, 358, 7606, 7147, 5909, 6848, 3017, 132, 9892, 635, 4878, 9336, 9831, 4423, 2171, 6110, 2151, 6353, 2934, 1710, 5625, 3947, 2589, 744, 3323, 5073, 8215, 3301, 490, 6706, 6291, 6808, 9759, 6335, 