E_unit,R_unit,E_mae,E_rmse,E_sse,E_max_abs_err,F_mae,F_rmse,F_sse,F_max_abs_err
kcal/mol,Angstrom,0.1297166315540546,0.16896837823287086,57.100625685293025,0.7695621418041906,0.19644119300964782,0.2714248820616077,5304.345595355353,2.6075200898215183
