{
    "model": {
        "sigma": 71.41615849880458,
        "n_symm": 2
    },
    "testing": {
        "n_test": 11727,
        "energy": {
            "mae": 0.000937103164549665,
            "rmse": 0.0010361129367526944
        },
        "force": {
            "mae": 0.00617676169023014,
            "rmse": 0.017744482344681446
        }
    },
    "validation": {
        "sigmas": [ 2.0, 25.0, 50.0, 100.0, 200.0, 300.0, 400.0, 500.0, 47.04198402234441, 47.82104408575292, 89.1589000321634, 39.06415128550405, 51.081065097213, 46.13645616295765, 29.48733145845133, 42.23358770137365, 61.381025887957314, 88.23993946574282, 75.25032268804159, 68.48086053614064, 81.04844487413686, 57.086394202265495, 71.41615849880458, 65.20471880304441, 33.999090145739906, 76.46472837548475, 70.57543760646914, 64.45071584463949 ],
        "losses": [ 0.00020897460774067995, 0.0001533802869183449, 0.00015142948859148055, 0.00017748478182224385, 0.00107379078456014, 0.0068479395870689385, 0.029691897080964022, 0.0825083736371706, 0.00015181230878946085, 0.00015172684255414823, 0.0001582277584895119, 0.00015263775010859287, 0.00015121585090568295, 0.000151930188745286, 0.000153139808049004, 0.0001523630724459082, 0.00014921621615085785, 0.00015708901346702997, 0.00014855098961607272, 0.00014815028595497936, 0.00015083277245108454, 0.00015008989111994683, 0.00014803092257319227, 0.00014854317599863264, 0.00015294592701876953, 0.00014885285106605565, 0.00014807257521596298, 0.00014866763648142977 ],
        "force": {
            "mae": [ 0.01279388130241654, 0.0066682569602582575, 0.006674073899258565, 0.007871974986291887, 0.025359744170396197, 0.07975506311303089, 0.20215838390430907, 0.3542798245518544, 0.00666350272722554, 0.006667268580608148, 0.007366755018129526, 0.006658729045546058, 0.006668704178838123, 0.006663208241725797, 0.006664281686484466, 0.006662992033561994, 0.00673275379114962, 0.007333845951321454, 0.006944862466368274, 0.006817965603414635, 0.0070994313530116145, 0.0067009780742149725, 0.006857777252819588, 0.006768089493536348, 0.006662483334198945, 0.006974983289141977, 0.00684723732306447, 0.006763640465700927 ],
            "rmse": [ 0.025037722723775177, 0.02145018360415617, 0.02131330573084839, 0.023074008391102813, 0.05675209715197621, 0.14331360175193797, 0.29840529969822577, 0.4974252180095826, 0.021340236553099433, 0.021334227146309247, 0.021786331640120726, 0.021398188871603767, 0.02129826289486211, 0.021348522303481096, 0.021433359833990386, 0.02137892184777174, 0.021156936112727592, 0.021707794666443164, 0.02110966385428082, 0.021081202699681497, 0.021271151300839744, 0.02121880058700188, 0.021072695515854643, 0.021109151547286122, 0.021419784877258114, 0.021131096166553006, 0.021075662812210183, 0.021117996697611136 ]
        },
        "energy": {
            "mae": [ 0.0009068231425990234, 0.0009149031648375967, 0.0009284935556534038, 0.0009528119830611104, 0.0019262461740545405, 0.007832221679647772, 0.022217987918626024, 0.0410100746378339, 0.000925564131106512, 0.0009261164917443239, 0.0009581020196819736, 0.0009190549488666875, 0.0009296909115037124, 0.00092459790081557, 0.0009153067152619769, 0.0009211606970893627, 0.0009428014023760624, 0.0009578688513029192, 0.0009576974684132437, 0.0009510931977310974, 0.0009595128262990329, 0.000937112986768625, 0.0009543562963845034, 0.0009478974226112769, 0.0009166188348281139, 0.0009580554548629152, 0.0009542062066502695, 0.0009465269609536336 ],
            "rmse": [ 0.001099454855705362, 0.0010080360943354803, 0.00102411909832956, 0.0012176785844188738, 0.004365862011383407, 0.012949020675633204, 0.03160609377115615, 0.05575942360744309, 0.001020297769303385, 0.001021106134318577, 0.0011406012334190493, 0.0010126424336244257, 0.0010255141537902912, 0.001019177668975947, 0.001008470354872232, 0.0010151841309628741, 0.0010440749420199571, 0.0011356513642207852, 0.0010810613224667832, 0.0010606695979368144, 0.0011021144834262174, 0.0010356159019176616, 0.0010688220253535603, 0.0010527574840358497, 0.0010098988116514183, 0.001085172767439932, 0.0010671250146964406, 0.0010507921452330208 ]
        },