{
    "model": {
        "sigma": 598.9002280015858,
        "n_symm": 12
    },
    "testing": {
        "n_test": 2500,
        "energy": {
            "mae": 0.00960560423262068,
            "rmse": 0.012992651861673204
        },
        "force": {
            "mae": 0.008349178214290981,
            "rmse": 0.012653311547772429
        }
    },
    "validation": {
        "sigmas": [ 2.0, 25.0, 50.0, 100.0, 200.0, 300.0, 400.0, 500.0, 700.0, 900.0, 808.0056878241478, 644.4318620865323, 533.5733441605523, 841.3248914562992, 525.4977740898053, 722.7855520172745, 639.8841618472243, 653.0513970680713, 830.3392568724682, 563.96929662058, 598.9002280015858, 770.0088004312465, 871.807989694174, 746.6199132658242, 677.4821206506399, 617.7781256932618, 788.9386564671586, 581.1533603240215, 857.2236017981005, 549.4122063576838 ],
        "losses": [ 0.0001306996942503252, 1.5725971871974655e-05, 1.6147062258262652e-05, 1.623980011901015e-05, 1.5013958418215834e-05, 1.3523098550343822e-05, 1.2481195934346262e-05, 1.1886985724521267e-05, 1.1814022353218691e-05, 1.2445182145041387e-05, 1.2144060181598213e-05, 1.1708564545296796e-05, 1.1775608500736601e-05, 1.2254986385147442e-05, 1.179827001267958e-05, 1.1873959951750368e-05, 1.1703236474649764e-05, 1.1719639655976718e-05, 1.2217981218493953e-05, 1.1712713092852773e-05, 1.1683899563162376e-05, 1.2018582994619674e-05, 1.2355613924907604e-05, 1.1944686293386307e-05, 1.1762149732081645e-05, 1.1686227973779626e-05, 1.2079619268487185e-05, 1.1693411977496471e-05, 1.2308103526613404e-05, 1.173870271080714e-05 ],
        "force": {
            "mae": [ 0.03309652915480586, 0.010879361765231108, 0.011041057606758947, 0.011044805770563174, 0.010497621107521489, 0.009867943744006515, 0.009361213395149948, 0.008987471021167856, 0.008533240071546128, 0.008298279269484132, 0.008391162165612193, 0.008630045596545411, 0.008886898926102628, 0.008354431678372928, 0.008909755069669019, 0.008499231651990059, 0.008638674309310384, 0.008613964943757508, 0.008365945937976462, 0.008806314785992392, 0.008723769952230826, 0.008436415926283627, 0.0083241121008114, 0.00846655930386729, 0.00857015199711728, 0.008682917637235282, 0.008413332631738428, 0.008764663125001178, 0.008338146051018427, 0.008843922909084966 ],
            "rmse": [ 0.04726080442144172, 0.016439395398119755, 0.01666893757164711, 0.016724137420176057, 0.016056322677071414, 0.0151374904080118, 0.014356005361309826, 0.01376289303894279, 0.013034829650391622, 0.012685125793240206, 0.012815584268173094, 0.013186342962758201, 0.01360129563248542, 0.012763256072771414, 0.01363841662160805, 0.012981117119062965, 0.013200164487342266, 0.01316052954020541, 0.012779515541278534, 0.013469972384232356, 0.013336449039578535, 0.012883144834943568, 0.012720656610649233, 0.012929727850299565, 0.013092154695835365, 0.01327102491378209, 0.012848095004623462, 0.013402427529310514, 0.012740371197201752, 0.013531243428974684 ]
        },
        "energy": {
            "mae": [ 0.019904372351514016, 0.005633552744827994, 0.005623107748492544, 0.005562463475475397, 0.0055847773942878124, 0.0060927929091594705, 0.007238899399955699, 0.008515436492169102, 0.011467623680466204, 0.014142010330207995, 0.013043656929032294, 0.010574708384316182, 0.00892983284649381, 0.013465023229888174, 0.008829439330242167, 0.01182582550389634, 0.010502482784024323, 0.010711276014422766, 0.013330219364637743, 0.009342048196544056, 0.009864303444774123, 0.012527444116814878, 0.013825427357209265, 0.012190931438453845, 0.011105490958812879, 0.010153478701759013, 0.012784281354150153, 0.009594603972058394, 0.013656681976819527, 0.00913884603988845 ],
            "rmse": [ 0.025713254466226874, 0.00843727596898392, 0.008430645448224108, 0.008373114943161045, 0.008315231545398843, 0.008904480162486116, 0.01015617953220716, 0.011678212915035634, 0.015410245210971365, 0.018723256812557564, 0.017377169430370116, 0.014312877085543867, 0.012239669142903037, 0.01790236628579175, 0.012101986128014438, 0.01585032026887733, 0.014223203665295166, 0.014482551959927828, 0.017733778889000313, 0.012777732288670445, 0.013426615183542387, 0.016726405117029948, 0.018346350839439262, 0.016300390417638828, 0.014965549438216357, 0.013790496177079578, 0.017055400185040613, 0.013092905610061453, 0.018139705564888635, 0.012517121620750329 ]
        },