E_unit,R_unit,E_mae,E_rmse,E_sse,E_max_abs_err,F_mae,F_rmse,F_sse,F_max_abs_err
kcal/mol,Angstrom,0.008076592233715927,0.010406027885501818,0.21657083270768288,0.06749675823084544,0.10279905218310618,0.15317320430272563,844.6330985891233,3.1693965846155265
