{
    "model": {
        "sigma": 247.5784713865451,
        "n_symm": 8
    },
    "testing": {
        "n_test": 8524,
        "energy": {
            "mae": 0.05256419952098617,
            "rmse": 0.07623171572330763
        },
        "force": {
            "mae": 0.11232203644691614,
            "rmse": 0.18523544739171172
        }
    },
    "validation": {
        "sigmas": [ 2.0, 25.0, 50.0, 100.0, 200.0, 300.0, 400.0, 500.0, 700.0, 900.0, 1100.0, 298.196108121859, 220.79420360752263, 247.5784713865451, 270.0857440062165, 368.1318905032965, 336.6954931144567, 320.4818564570914, 384.18263111213463, 352.2346169281558, 234.30634623943246 ],
        "losses": [ 0.11222051784557942, 0.03376794264996482, 0.028903404480883178, 0.01703333223485001, 0.006614162678929143, 0.006116765443836715, 0.009042109179563157, 0.013165801444936804, 0.021080906745065648, 0.028636552337906646, 0.03965260739137576, 0.006086425167795485, 0.006014249842421235, 0.005709280768074198, 0.005750053526667828, 0.007900665429580218, 0.006942559247965545, 0.00653325876409828, 0.008457894842226832, 0.007391061120203491, 0.005805847153850029 ],
        "force": {
            "mae": [ 0.5735366302996932, 0.28963710903519224, 0.2618604870036466, 0.1960902263388621, 0.12189855314106914, 0.11634576014961315, 0.13928838718728007, 0.16681632852840195, 0.20568023297349228, 0.24389337449616924, 0.3054741960905993, 0.11611168772851582, 0.11661927139007947, 0.11368315875811723, 0.11366305294886805, 0.13063425710873539, 0.12300767128295315, 0.11968171442684747, 0.13491421657952318, 0.1266201860951616, 0.11467650410932029 ],
            "rmse": [ 0.8202820764771697, 0.44989644190436856, 0.41621400401215475, 0.31943592225198186, 0.19858027946892987, 0.19015614520260446, 0.2303248807654619, 0.27707694244903763, 0.3487514921851386, 0.40245302289741136, 0.4636927740689323, 0.18969773097600431, 0.18919464380729448, 0.18412150049080026, 0.18459879501784204, 0.2155367261688428, 0.20228880137987892, 0.19635931143320393, 0.22288049952282998, 0.20859596462380647, 0.1857799041961905 ]
        },
        "energy": {
            "mae": [ 0.06472215257277646, 0.03794839974799834, 0.03626985230964419, 0.03444309990390684, 0.04615297292994001, 0.06515035726411224, 0.10522229988171239, 0.15133447984980375, 0.23746078468673296, 0.3390984148723328, 0.5034083854069431, 0.06463663240658571, 0.04920411449809398, 0.05332387643109905, 0.05759137105829359, 0.09097038983351012, 0.07788803487224868, 0.0719106133371788, 0.09808028167658994, 0.08409903069324719, 0.051137727472003465 ],
            "rmse": [ 0.08759966550347995, 0.05785721815787284, 0.05572697573424475, 0.05175019873164339, 0.06465919367686888, 0.09497658524660182, 0.1416041652962411, 0.19249141248003393, 0.28454165392296793, 0.4051929249994294, 0.6178545625052422, 0.09427989086830811, 0.06962827600412312, 0.07691528515856755, 0.08402440498328496, 0.12569223324577222, 0.11064932023327621, 0.10348698775431604, 0.13364455256480268, 0.11790464112187032, 0.07313345335235383 ]
        },
        "idxs": [ 2970, 2036, 7347, 3035, 6937, 6414, 10774, 5073, 9290, 2425, 7697, 7004, 9191, 6558, 7738, 8447, 4966, 3101, 3492, 6342, 5631, 2646, 140, 531, 6930, 3294, 4812, 1426, 1930, 2152, 5753, 10890, 6237, 5879, 6695, 3689, 8647, 1807, 573, 4826, 2872, 4714, 6625, 8184, 6728, 5993, 2352, 9031, 482, 8996, 4751, 222, 4210, 3377, 543, 4986, 9947, 34, 7265, 1465, 595, 10475, 10395, 1170, 2824, 4261, 7523, 11063, 8009, 3263, 1086, 525, 10092, 3671, 7544, 9302, 3405, 2973, 7683, 4760, 418, 2585, 4643, 7975, 7807, 5721, 5751, 8076, 7509, 4365, 7949, 4721, 340, 9508, 904, 7702, 7375, 2124, 7294, 8401, 9023, 3209, 9137, 11027, 9167, 8865, 5810, 9058, 7888, 6021, 4417, 10697, 10103, 1631, 1275, 6714, 3095, 10705, 11059, 6824, 4625, 6460, 762, 10608, 2621, 9662, 4703, 504, 5135, 8598, 4519, 8137, 666, 10070, 4749, 2742, 7535, 11054, 5822, 10725, 3985, 541, 4324, 7787, 11090, 7064, 6044, 9847, 6227, 3347, 9204, 10358, 3105, 5515, 2434, 736, 3540, 9888, 1808, 404, 3675, 6264, 8610, 1459, 7341, 5505, 9380, 3135, 5991, 4984, 2997, 1881, 9429, 5091, 2049, 876, 565, 5392, 1082, 6651, 10247, 342, 2636, 6974, 3811, 1087, 1234, 3710, 2535, 10815, 329, 8244, 298, 2800, 3806, 3505, 7187, 1953, 1856, 3537, 906, 3005, 4153, 5077, 4422, 8848, 9760, 10381, 4767, 7763, 1897, 4450, 8161, 10220, 7216, 10539, 56, 9570, 3202, 3019, 3472, 3439, 2330, 2587, 5907, 7268, 9103, 6574, 978, 10895, 2108, 3912, 636, 5659, 4128, 6477, 10813, 7322, 5627, 1222, 1415, 7213, 9920, 3217, 6562, 8398, 10860, 7981, 7136, 6705, 6014, 2537, 8074, 3852, 11058, 10128, 842, 2350, 6062, 9597, 10861, 1378, 4317, 6847, 3566, 2806, 2029, 9523, 1716, 1040, 6863, 889, 3996, 1946, 3730, 5730, 158, 1181, 1167, 5719, 5845, 742, 2459, 4071, 9857, 4257, 6756, 3668, 622, 5097, 591, 4394, 7614, 5614, 5138, 7366, 3641, 10248, 77, 9802, 3609, 9445, 4827, 5969, 3421, 10034, 5533, 5888, 7503, 719, 420, 4258, 5728, 9707, 10465, 7820, 8144, 9851, 7706, 9001, 10942, 9295, 3039, 5061, 7332, 1405, 5817, 5488, 2427, 11094, 8578, 1775, 1761, 8032, 5246, 4836, 8832, 8737, 10534, 2546, 2081, 4537, 4582, 1246, 2480, 7374, 9418, 7932, 7729, 9886, 10814, 4388, 524, 6678, 7865, 12, 6942, 6994, 2879, 653, 6296, 6600, 1462, 3178, 4492, 2457, 11122, 8313, 2028, 4027, 9286, 533, 7772, 4234, 6672, 2964, 2117, 5570, 10455, 10562, 4066, 1304, 933, 6488, 2115, 3235, 3015, 4876, 8209, 6776, 8662, 8841, 7303, 1621, 6148, 3115, 7585, 5458, 188, 8294, 5424, 1315, 737, 4265, 612, 2642, 10185, 7178, 10913, 9791, 6779, 71, 9044, 2763, 10779, 4327, 10789, 9274, 6764, 11089, 8618, 8853, 3161, 3934, 5408, 3186, 448, 6531, 10268, 767, 2134, 2495, 2362, 10300, 2858, 2485, 3835, 4695, 1811, 6533, 6157, 4037, 7345, 611, 10177, 3097, 4474, 3128, 1171, 4930, 9674, 9491, 4937, 6620, 5829, 939, 9790, 4913, 4277, 7394, 10230, 8186, 2180, 5774, 1557, 4177, 8241, 1874, 1023, 7622, 7868, 287, 2366, 3443, 6441, 10481, 3980, 7594, 3774, 8904, 4858, 1723, 11035, 8812, 1869, 8507, 1892, 755, 3680, 10256, 8872, 8650, 9622, 5841, 806, 9219, 5541, 4754, 6503, 5983, 1204, 3503, 9037, 9969, 5652, 2346, 10365, 967, 2555, 2787, 9273, 10115, 3652, 1920, 5231, 1305, 2682, 10828, 6593, 9328, 7478, 10342, 9836, 82, 9840, 3878, 7786, 2254, 10291, 9711, 4854, 483, 8406, 3174, 1639, 10790, 1079, 5741, 332, 5789, 7971, 2554, 7862, 10569, 2932, 1408, 9742, 893, 6809, 10255, 5417, 10046, 5409, 245, 2338, 10586, 5865, 9322, 6057, 6207, 10378, 6671, 92, 7855, 2592, 147, 7104, 6661, 4673, 6907, 2526, 7857, 7055, 7847, 897, 9538, 10453, 6199, 284, 9769, 8327, 3762, 7588, 3300, 9141, 421, 7072, 2606, 382, 266, 9609, 8461, 4982, 1536, 1541, 4500, 6775, 9693, 6602, 3345, 9395, 7191, 6926, 3931, 3122, 8702, 5826, 4179, 3669, 5132, 3650, 9783, 5167, 336, 2660, 1824, 2466, 7446, 615, 5921, 10862, 5682, 2499, 2141, 1470, 2474, 3804, 6986, 10313, 7088, 5103, 9940, 1862, 7788, 7682, 9694, 8143, 289, 7434, 4023, 9528, 4568, 3343, 7243, 6980, 10254, 6802, 830, 4887, 10568, 5259, 6129, 216, 1562, 1299, 4585, 475, 3826, 7105, 5418, 7893, 3158, 4987, 70, 3620, 6082, 2788, 4039, 865, 2316, 10348, 8917, 228, 9640, 8691, 7599, 9443, 1440, 10925, 1691, 5028, 2728, 3520, 2513, 2665, 10098, 7220, 7224, 11006, 7921, 7781, 9417, 6759, 5600, 4644, 2194, 3922, 4802, 126, 6424, 2423, 9074, 10344, 10659, 10884, 31, 8047, 10119, 7645, 6645, 2871, 8412, 1158, 3585, 6923, 5330, 10760, 3653, 368, 10354, 7194, 9378, 2005, 2965, 5043, 6696, 6808, 10398, 5998, 955, 1609, 7111, 5605, 9360, 10180, 6663, 3032, 5823, 9276, 9616, 3490, 3013, 4490, 4272, 659, 3379, 1668, 9505, 1851, 3059, 849, 7180, 5337, 4022, 2313, 2517, 169, 4864, 9532, 10933, 6822, 7673, 484, 2467, 6710, 8329, 3615, 11018, 5026, 9497, 3828, 7477, 1013, 6731, 680, 10072, 1678, 10258, 4208, 10749, 1812, 7073, 2647, 780, 6455, 9879, 10213, 9400, 1828, 3755, 2426, 2357, 312, 7309, 1702, 6436, 9377, 3245, 756, 1097, 1377, 837, 3742, 7727, 10184, 10202, 4996, 9345, 7122, 5658, 6096, 1202, 10498, 2186, 8311, 7464, 2868, 1879, 2734, 9297, 860, 8844, 2392, 8156, 9997, 1928, 