E_unit,R_unit,E_mae,E_rmse,E_sse,E_max_abs_err,F_mae,F_rmse,F_sse,F_max_abs_err
kcal/mol,Angstrom,0.01192013613058846,0.016920773633401703,0.5726251607056445,0.08660900666496618,0.008363203622299312,0.013522353202163271,19.748235901397976,0.2870263992610502
