{
    "model": {
        "sigma": 377.1476999226211,
        "n_symm": 72
    },
    "testing": {
        "n_test": 6783,
        "energy": {
            "mae": 0.03527593401142517,
            "rmse": 0.044754060378734375
        },
        "force": {
            "mae": 0.04755697912192718,
            "rmse": 0.08334447714176096
        }
    },
    "validation": {
        "sigmas": [ 2.0, 25.0, 50.0, 100.0, 200.0, 300.0, 400.0, 500.0, 700.0, 900.0, 1100.0, 1500.0, 401.578740095008, 342.97372711641117, 457.78425720111886, 369.2683565185421, 428.6365252284136, 383.76877748019774, 323.2993459498976, 359.0474024951251, 377.1476999226211, 390.07977922583575 ],
        "losses": [ 0.0010942892163117537, 0.000925306619777465, 0.0009237211871676679, 0.0008911130938823847, 0.0007467465840010285, 0.0006305313770594653, 0.000601800774886179, 0.0006651707713812769, 0.0011026333045111485, 0.0019124058371616996, 0.003185841522145507, 0.009206990116179767, 0.0006020133857201467, 0.000606748099961559, 0.0006270774966755131, 0.0006005042624067151, 0.0006106419427437847, 0.0006000406708748675, 0.0006154659670173577, 0.000602102870824515, 0.0005999506728040677, 0.0006005768891906684 ],
        "force": {
            "mae": [ 0.07246088410499073, 0.060837809190944996, 0.060536627048502385, 0.058926742825895176, 0.05385208638102809, 0.0493569293977643, 0.047671188677473254, 0.049206143413088904, 0.05998771095686708, 0.07654843528794979, 0.09354900954142686, 0.12908343042088774, 0.047670044568971476, 0.04821108179214212, 0.04821761815015416, 0.047816945071102, 0.04781481987788153, 0.04771093438347183, 0.04865920750712976, 0.047939600394365386, 0.04774892160939098, 0.04768071722115514 ],
            "rmse": [ 0.11422507019349142, 0.10499967944152414, 0.10490727593689943, 0.10301594973088891, 0.09414024112961344, 0.08614269410228871, 0.08330663158513671, 0.08581727655711625, 0.10306658299193042, 0.1294077856891941, 0.1575807252139399, 0.21502988628455452, 0.0833113233210992, 0.08420787805626269, 0.08417843990839935, 0.08355701919732082, 0.08352918372938446, 0.08337209325543346, 0.08496500403977143, 0.08375681357248639, 0.08344047559548219, 0.08332853408796041 ]
        },
        "energy": {
            "mae": [ 0.019643700306723744, 0.019985463659237212, 0.02008923197396689, 0.020697945056510434, 0.0238125123270147, 0.028633761695426075, 0.03905727379253949, 0.05804673202193226, 0.1198135156298522, 0.17595558595081093, 0.24770635792023676, 0.5292737897289626, 0.03911408296921581, 0.03235235617408762, 0.048839322389045266, 0.03486719867141801, 0.0436153481760266, 0.036796289353398605, 0.030370463653744083, 0.033837481110647785, 0.035810975791871896, 0.03785847576933156 ],
            "rmse": [ 0.026473876279740596, 0.025616849029944294, 0.025677113919996716, 0.025992182740134682, 0.0286609502154906, 0.03485837746189304, 0.04844364703553772, 0.07173122872308056, 0.14744714093818223, 0.22734876014910094, 0.33414584274428794, 0.7316991036770099, 0.048595613239008295, 0.039792217915934035, 0.06047866116064943, 0.0432315174129498, 0.054050807766716946, 0.04560538315317211, 0.03725360080246344, 0.04183605204425373, 0.04444988808090094, 0.0468399826572378 ]
        },
        "idxs": [ 7744, 3615, 7827, 4684, 4293, 7650, 8876, 8429, 4181, 5781, 7441, 439, 7486, 6304, 788, 5181, 1082, 3307, 221, 2270, 8640, 3321, 350, 810, 8093, 316, 5824, 850, 4060, 7068, 8421, 7990, 3005, 1780, 4050, 3337, 3422, 1088, 8454, 67, 1396, 1377, 7721, 8334, 6368, 1907, 5193, 7296, 515, 7059, 3440, 884, 8490, 5529, 2939, 2312, 1167, 2572, 1138, 7157, 7708, 5372, 6664, 5926, 8971, 4369, 7850, 124, 7197, 7492, 3884, 7755, 4959, 4643, 4918, 572, 9061, 21, 7264, 7740, 8217, 291, 356, 4281, 5443, 7155, 7464, 8592, 8811, 5484, 4611, 6529, 3449, 9178, 3492, 8511, 7158, 8119, 9131, 3687, 1564, 5173, 4710, 9189, 8028, 870, 6392, 4877, 499, 5036, 2739, 5483, 6610, 3271, 140, 6923, 222, 3133, 1234, 9106, 2146, 3236, 5407, 4875, 5698, 1036, 761, 8873, 7825, 4726, 5970, 3531, 1955, 5121, 3097, 1835, 3343, 7189, 4612, 1387, 5180, 9153, 6732, 1841, 9145, 9205, 5078, 3040, 969, 8124, 9274, 2369, 5638, 425, 2237, 1884, 8109, 7615, 3334, 2242, 9104, 7505, 6630, 5400, 1993, 6694, 8291, 6798, 8340, 2290, 809, 8919, 552, 8783, 6999, 3970, 216, 1657, 2712, 6270, 9120, 6180, 2579, 1492, 380, 6805, 8777, 4135, 618, 8521, 117, 7308, 2384, 8975, 5682, 6005, 8483, 5080, 6899, 1327, 4866, 2102, 4915, 8181, 6663, 8420, 8820, 2807, 1136, 5088, 5221, 5513, 4107, 434, 6829, 2934, 6499, 3785, 5043, 3475, 4978, 2397, 7562, 3671, 8869, 776, 8382, 8536, 8995, 994, 2666, 5879, 1287, 8240, 100, 2455, 6566, 2143, 96, 8544, 4147, 7953, 2757, 5804, 7361, 3435, 4736, 8517, 6168, 4005, 1676, 8027, 6527, 1350, 8522, 1079, 3469, 4292, 7725, 4759, 744, 7167, 2110, 2492, 187, 7804, 7214, 1394, 4265, 5442, 8949, 3662, 4250, 3905, 5889, 936, 16, 5769, 4238, 3283, 1346, 56, 3407, 1965, 765, 2796, 5361, 3161, 4980, 3135, 4192, 6082, 2265, 995, 6266, 192, 8, 3017, 5617, 5643, 7876, 1922, 6976, 217, 5135, 6516, 1656, 4859, 3914, 409, 4907, 507, 562, 6400, 643, 6176, 1739, 4469, 1614, 828, 1719, 8663, 526, 8481, 3748, 7700, 2382, 4364, 1104, 2524, 7728, 1928, 5006, 2089, 4386, 3990, 4876, 9122, 3123, 8888, 1003, 4199, 4781, 2071, 8764, 6402, 4691, 7279, 4070, 3448, 3568, 89, 480, 8709, 4826, 2225, 8956, 3848, 5856, 6692, 8393, 5726, 6834, 585, 524, 4179, 5133, 1389, 8785, 5960, 8363, 9001, 1803, 2961, 2955, 4713, 257, 6227, 268, 1639, 446, 4648, 5175, 1006, 2790, 3149, 251, 7862, 3540, 9260, 8751, 7516, 7199, 5601, 391, 379, 7409, 3749, 2750, 4176, 1581, 2981, 6779, 5161, 5535, 1785, 8376, 5544, 7100, 6870, 4946, 4075, 3380, 6280, 175, 8222, 2928, 6001, 1093, 8510, 305, 7970, 363, 4865, 5408, 3083, 2289, 2008, 3910, 389, 7335, 2591, 6346, 3243, 3867, 8401, 3182, 2513, 8803, 7371, 4616, 8005, 5109, 8866, 7892, 2104, 7485, 7242, 4747, 1489, 7554, 1714, 1855, 5105, 7005, 1408, 2285, 8485, 6893, 6891, 3444, 7818, 6132, 2526, 3649, 9071, 8966, 1913, 8569, 8628, 31, 1477, 3331, 1881, 2343, 5766, 4325, 9047, 1734, 5217, 4708, 2715, 1023, 3170, 1521, 3851, 8686, 6902, 63, 4694, 4912, 8921, 6175, 5871, 4831, 6192, 6223, 5471, 8267, 22, 9093, 3462, 6436, 283, 6958, 985, 7604, 5184, 2344, 5830, 2062, 7919, 1109, 184, 1941, 3402, 1313, 8493, 3119, 8674, 3001, 1155, 596, 6803, 9223, 14, 6856, 1558, 7756, 5508, 275, 2803, 2648, 2696, 5794, 35, 6321, 5629, 2481, 6697, 730, 470, 5186, 8078, 1844, 6518, 8982, 3782, 54, 2169, 9045, 6720, 8469, 3605, 6087, 1997, 3931, 1776, 5806, 5019, 4402, 1309, 6359, 2448, 7659, 7973, 6762, 1433, 9107, 1874, 5810, 2674, 2116, 4232, 3033, 8634, 5248, 6743, 2877, 2044, 2067, 7368, 7315, 5375, 8021, 3329, 8993, 1482, 3169, 1153, 6851, 4197, 7946, 8304, 2050, 899, 7679, 5048, 3651, 3410, 1057, 6468, 7510, 7828, 841, 3420, 4825, 3912, 3233, 3618, 1683, 4584, 7587, 4384, 2087, 2234, 2567, 8010, 3592, 3759, 9116, 8101, 5602, 3805, 3963, 375, 8046, 6715, 8887, 7924, 9161, 3278, 4203, 1359, 5046, 7043, 5902, 2515, 7823, 775, 7999, 8242, 454, 652, 4368, 8138, 7208, 7635, 8494, 1878, 1487, 8878, 7207, 8110, 768, 1175, 2925, 2903, 66, 3430, 748, 5362, 5931, 3895, 4515, 8771, 9039, 1443, 5820, 1203, 501, 311, 1969, 3228, 2024, 1205, 8068, 6338, 2651, 6213, 6735, 1280, 4078, 1322, 255, 6773, 8433, 1437, 5690, 3044, 6890, 617, 3183, 6704, 2046, 351, 6687, 5853, 953, 2965, 8933, 700, 3610, 2966, 7164, 6550, 2847, 3008, 975, 1871, 9179, 7943, 2278, 3450, 8787, 6601, 2906, 5867, 78, 8656, 6482, 9248, 8530, 9029, 2514, 2710, 2949, 7294, 415, 323, 8865, 9202, 7645, 4357, 6059, 5542, 3728, 4017, 7022, 5833, 160, 7086, 6783, 1605, 1102, 1042, 3771, 1265, 1586, 3000, 5293, 7205, 4089, 2276, 6344, 5670, 6181, 6120, 4752, 1200, 9065, 3836, 7375, 2127, 4662, 7212, 4227, 3976, 4475, 996, 262, 4118, 3644, 5647, 1640, 8779, 7227, 4360, 5053, 5828, 4153, 2108, 2552, 691, 7384, 6166, 3556, 4401, 8233, 4271, 2235, 453, 6924, 2335, 1251, 307, 6268, 1721, 2356, 3830, 3289, 4161, 9095, 4498, 9282, 3616, 8541, 5585, 773, 7174, 1766, 2467, 137, 4583, 5189, 2768, 7776, 