{
    "model": {
        "sigma": 36.247320636280406,
        "n_symm": 6
    },
    "testing": {
        "n_test": 10238,
        "energy": {
            "mae": 0.004006850123596033,
            "rmse": 0.005542486139203309
        },
        "force": {
            "mae": 0.05756682198176433,
            "rmse": 0.08338460041288535
        }
    },
    "validation": {
        "sigmas": [ 2.0, 25.0, 50.0, 100.0, 200.0, 300.0, 400.0, 8.824198004893164, 21.487798241177252, 17.025259202350703, 16.903446877573977, 10.555111260115035, 31.541268350335784, 4.572396864487917, 22.671895187125543, 16.173234040153286, 41.04931485808352, 45.99247632728655, 36.247320636280406, 28.55567391298503, 43.52320721263484, 33.99436390109205, 48.31439519154726, 38.651117031407125, 13.33161839753781, 26.871828392477696, 30.11981882503673 ],
        "losses": [ 0.0016519303758369588, 0.00122047194008629, 0.001223262644160957, 0.001383835148048615, 0.0025578103436251767, 0.007608613835770995, 0.020281023582304162, 0.0012444318534987615, 0.0012224448316982292, 0.0012263414043591652, 0.0012264963088575796, 0.0012377992736128923, 0.001218483575348557, 0.0013054621542316134, 0.0012216753072217717, 0.0012273053769029112, 0.0012186610556889498, 0.0012206901472647117, 0.0012180614308249201, 0.0012191779171849915, 0.0012195209174930034, 0.0012181684089383924, 0.0012221917656620887, 0.0012182612440082884, 0.0012316442263196452, 0.0012197022763146142, 0.001218697156244037 ],
        "force": {
            "mae": [ 0.06826190979460661, 0.05808770128598525, 0.05806575319249766, 0.061970767186066665, 0.08669700700847516, 0.1522422905512576, 0.2441520241958446, 0.05870241878919955, 0.058141724978017784, 0.058244046093895316, 0.058248328993250005, 0.0585344968072634, 0.05802564570690072, 0.060304288914495914, 0.05812115737610969, 0.05826912841289801, 0.05799764630006566, 0.05802385567616483, 0.05800193368525417, 0.058049224156403983, 0.05800640592477852, 0.0580113273775236, 0.05804777866927553, 0.05799740601966361, 0.05837971958588925, 0.05806545850051607, 0.058034408894385645 ],
            "rmse": [ 0.09954306053677878, 0.08556260285828139, 0.08566029244822947, 0.09110614222793297, 0.12381288689441308, 0.21343993181265947, 0.3485400663014892, 0.08639822177372078, 0.08563171710655895, 0.08576805572616189, 0.08577347272432884, 0.08616771441171131, 0.08549288771399954, 0.08849108135499306, 0.08560476543670784, 0.0858017524834422, 0.0854990951024242, 0.08557021422288039, 0.08547807306558047, 0.08551723931021916, 0.08552924027330562, 0.08548183009189786, 0.08562280872624382, 0.08548507859382748, 0.08595325210892492, 0.08553562427711317, 0.08550037893917443 ]
        },
        "energy": {
            "mae": [ 0.00497924570547184, 0.004028033131617121, 0.004037466890033102, 0.004880646252990118, 0.012281893742692774, 0.029034200198977487, 0.041130809210968435, 0.004103933861297264, 0.004034435955290973, 0.004047154167710687, 0.004047306456814112, 0.004083405219520501, 0.004021260526875267, 0.004325749390445708, 0.004032049746558187, 0.0040500854935889945, 0.004021335675715818, 0.004027319939646987, 0.004019799518922809, 0.004023711849848041, 0.004023586626819451, 0.004020112730024266, 0.004032740832553827, 0.004019893399163266, 0.004063898102460371, 0.00402555829618359, 0.004022177267921506 ],
            "rmse": [ 0.006783993407216536, 0.0055866397678708025, 0.0056127275745158495, 0.006685477588698347, 0.016946533874873795, 0.03980756260503867, 0.05858948659649867, 0.005683888533288727, 0.0055946634865056905, 0.005611065123157809, 0.005611342611614638, 0.005657789231246746, 0.005579131373262997, 0.00591811627361201, 0.005591627456686245, 0.005614760587932475, 0.005584309566873585, 0.005596608256538093, 0.005579142623510381, 0.005581642333959935, 0.005589518806326061, 0.005578497065010986, 0.0056053840213323115, 0.005580922649033708, 0.005632953366079515, 0.00558366279457847, 0.005579932379815903 ]
        },
        "idxs": [ 8139, 9609, 12460, 12526, 3941, 4564, 841, 12368, 2533, 5939, 9640, 4386, 8631, 8292, 5888, 8967, 5321, 7593, 6313, 7648, 2668, 11225, 2311, 10142, 3907, 9954, 1123, 5066, 9516, 12124, 7363, 2785, 7518, 4954, 3237, 8572, 10354, 9251, 9614, 11524, 3933, 625, 8455, 10349, 12616, 4032, 9738, 7939, 2508, 8350, 9851, 6195, 6655, 3193, 439, 5449, 8726, 8108, 7361, 1891, 7922, 2556, 4302, 3291, 11202, 3311, 5566, 12350, 569, 8922, 7122, 11856, 2460, 9154, 8349, 10908, 2973, 1645, 4951, 10146, 6954, 6080, 11580, 2804, 3267, 573, 4185, 816, 10927, 3937, 3031, 8795, 7502, 4221, 360, 6659, 10633, 11719, 7845, 6854, 12365, 10056, 7174, 6648, 4948, 12000, 2191, 2777, 5506, 6105, 11620, 5967, 5086, 9487, 10404, 7300, 2737, 930, 2818, 8124, 6163, 3506, 11571, 6069, 6064, 8378, 11284, 9116, 9066, 11740, 9828, 10831, 979, 8815, 3332, 4794, 12500, 2799, 11543, 10696, 12300, 1353, 2960, 11523, 11414, 11008, 11934, 11848, 286, 12351, 11936, 11273, 12339, 10045, 1537, 1569, 9958, 12424, 5323, 3163, 4779, 251, 8738, 2549, 522, 3464, 6676, 4978, 8570, 5487, 6038, 9166, 2410, 1012, 6766, 1393, 2696, 443, 6843, 9932, 9791, 7321, 3000, 3972, 11789, 462, 767, 11674, 3808, 7987, 3381, 12135, 10924, 8804, 9081, 11496, 8551, 1172, 7543, 8005, 10797, 4112, 7138, 1572, 4768, 699, 896, 8441, 3757, 9544, 9155, 4905, 7612, 7302, 2439, 12510, 10949, 8831, 12139, 523, 8648, 11231, 3928, 6211, 1550, 1180, 10725, 4068, 9501, 1655, 6241, 11764, 4968, 4279, 9892, 5821, 8805, 7450, 2276, 9259, 2168, 3574, 3849, 3866, 3467, 9804, 4306, 6210, 3154, 8595, 7661, 7663, 568, 948, 280, 3248, 898, 2012, 205, 12063, 2645, 10047, 7205, 8620, 8997, 4499, 5428, 5363, 8652, 10780, 10310, 3082, 6595, 294, 8568, 10033, 1796, 187, 6809, 11411, 4660, 5969, 1431, 480, 9992, 11935, 7065, 5828, 6224, 1589, 5301, 5775, 11424, 7273, 7495, 10897, 2552, 8448, 11922, 11965, 9071, 8559, 9730, 6634, 4343, 3130, 12626, 5979, 6997, 5289, 12209, 1194, 11991, 3915, 2593, 2403, 7231, 7728, 3994, 9781, 4952, 2008, 9500, 4806, 10493, 8904, 5264, 7606, 2455, 6898, 1693, 2329, 9552, 7293, 8778, 10997, 6310, 5935, 5394, 11550, 2756, 10141, 11168, 6033, 3334, 3717, 9396, 2893, 3783, 11525, 2299, 11470, 11459, 10452, 4416, 7995, 8135, 2156, 7579, 4211, 578, 6175, 11159, 8160, 602, 6469, 2542, 12189, 2514, 9283, 5886, 6543, 11807, 2630, 6014, 12098, 4736, 5841, 11923, 2430, 8971, 6057, 11144, 4494, 7035, 2240, 9363, 10991, 5696, 3138, 3021, 3460, 7615, 4636, 9207, 9088, 12484, 12258, 2788, 6781, 6376, 10791, 10751, 2981, 7670, 2855, 726, 3986, 7012, 12314, 3485, 6987, 9683, 8293, 8544, 788, 9875, 5805, 5486, 1761, 4890, 874, 2953, 11021, 6277, 11481, 3399, 1467, 2961, 2922, 10695, 9862, 9369, 7462, 5440, 321, 2524, 5712, 2589, 716, 9522, 9661, 9427, 8988, 3767, 1984, 10323, 8191, 3255, 3204, 2903, 3408, 12229, 11473, 1779, 9663, 5786, 7776, 12286, 7489, 2988, 3712, 8704, 383, 9836, 3979, 11460, 10524, 5495, 8328, 2077, 11114, 174, 4900, 3616, 1869, 11513, 824, 4730, 2919, 5437, 3216, 10059, 7832, 1959, 8278, 4537, 3683, 6431, 8149, 11958, 7805, 8713, 3180, 2699, 12071, 3634, 3466, 2440, 12278, 7074, 6305, 8411, 1171, 9723, 3523, 10375, 12492, 267, 1466, 7916, 6891, 11196, 3117, 6316, 12310, 10982, 9257, 2449, 10947, 1698, 2750, 1347, 11121, 2826, 6511, 11749, 8334, 10610, 4593, 8887, 7603, 11337, 909, 3170, 12444, 4196, 2415, 6550, 6242, 4207, 7641, 2808, 9209, 999, 11270, 11599, 815, 4033, 3152, 9718, 3456, 1434, 9481, 9879, 2838, 5236, 2111, 7915, 8982, 7696, 10759, 3669, 11621, 6183, 12490, 11763, 6063, 11996, 309, 10951, 8284, 1300, 5630, 6592, 6359, 9, 6090, 11619, 3414, 12565, 1875, 12457, 7350, 10598, 6201, 363, 4160, 167, 1111, 5013, 10096, 4824, 10891, 9445, 3444, 9547, 11076, 3989, 7022, 9524, 1133, 5011, 8845, 1276, 9986, 10445, 4852, 7799, 8089, 11046, 3472, 416, 3151, 4291, 198, 5167, 421, 11983, 5434, 5706, 9204, 8729, 9295, 9273, 69, 11063, 3015, 11643, 275, 9860, 96, 5917, 136, 3205, 4558, 6346, 1452, 3126, 3395, 8485, 5868, 3962, 11720, 10424, 12128, 10241, 1938, 278, 6367, 12116, 5250, 738, 7989, 1156, 4910, 11514, 6754, 6068, 7766,