{
    "model": {
        "sigma": 33.20859901129727,
        "n_symm": 6
    },
    "testing": {
        "n_test": 10438,
        "energy": {
            "mae": 0.006860966117570557,
            "rmse": 0.01241608572525694
        },
        "force": {
            "mae": 0.0945587456631322,
            "rmse": 0.15652220483903875
        }
    },
    "validation": {
        "sigmas": [ 2.0, 25.0, 50.0, 100.0, 200.0, 300.0, 400.0, 38.89481806918789, 11.740344516626937, 6.035147050912334, 28.35718701649972, 6.928605109315685, 17.937750160482928, 7.859115866834461, 31.204548267164746, 48.70817375582355, 28.42096742909486, 43.288138030782605, 35.16849970920711, 21.455053047258623, 15.089431517889723, 41.03079482699276, 33.20859901129727, 36.936170093315575, 45.7349233082175, 26.720466629863175, 30.010631991254836 ],
        "losses": [ 0.005083623824158743, 0.004008817314589009, 0.004037078045164031, 0.004700826191472284, 0.010350669765598747, 0.02847164819402883, 0.06492239947898924, 0.004006930381526759, 0.004065289273131119, 0.004191882742454425, 0.004004956693397669, 0.004155359702606002, 0.004026413022468269, 0.004128092553622754, 0.0040033687241316715, 0.004031642774372037, 0.004004958609269074, 0.004014658951858951, 0.004003620179797833, 0.004015672435524173, 0.004039796906756629, 0.00401016049921849, 0.004003292243983894, 0.0040049740033169705, 0.004021360474243906, 0.004006568777122012, 0.0040038853916177595 ],
        "force": {
            "mae": [ 0.10630439748152776, 0.09484474153917664, 0.09516933011116524, 0.1044373386687441, 0.16363299658032657, 0.2733509951563121, 0.40798367288436643, 0.0948062036630322, 0.09554086762737062, 0.0970081817050677, 0.09479448117732221, 0.09659119141415354, 0.09506538356973872, 0.09628186481331903, 0.09477234162862358, 0.0951011357234452, 0.09479471333930217, 0.09489559207008723, 0.09477069522898215, 0.09493066079889675, 0.09523178020750143, 0.09484298252395493, 0.09476927391114168, 0.0947847081326327, 0.09497508908257138, 0.09481589080295566, 0.09477984173372783 ],
            "rmse": [ 0.17461911575987674, 0.15506370841460002, 0.1556090322891346, 0.1679082974173684, 0.2490770651302434, 0.4130516532589772, 0.6237185661606669, 0.15502714107096716, 0.15615207144982332, 0.15856479071509605, 0.15498901893863398, 0.1578724814739521, 0.15540364191809228, 0.15735364162035986, 0.15495828088301133, 0.1555042830722983, 0.15498905673972485, 0.15517651366424412, 0.15496312627691528, 0.15519623265510082, 0.15566170700302007, 0.155089586963527, 0.15495679155318312, 0.15498930968616578, 0.1553059285142343, 0.1550202126975694, 0.15496828418678157 ]
        },
        "energy": {
            "mae": [ 0.007478605210664682, 0.006750388325104723, 0.00681926245566865, 0.008440155219621374, 0.02076762673648773, 0.037592355768560085, 0.05731171801692108, 0.006758724349172553, 0.006802612167506595, 0.006908276459260378, 0.006747634740910144, 0.006878182483007549, 0.00676668044753751, 0.006855830269210855, 0.006747345058523933, 0.006808718567554024, 0.006747547847146052, 0.006775217084534234, 0.006750688139218255, 0.006756588837968593, 0.006779171458510973, 0.006765839321597014, 0.006748601853163564, 0.00675413033105724, 0.0067883238881622674, 0.0067485835298866734, 0.00674719580844976 ],
            "rmse": [ 0.012850004015062174, 0.011654913302951282, 0.011759635073173326, 0.014000480488338388, 0.032821288746016336, 0.060307670075854324, 0.09215449893315261, 0.01166749082065453, 0.011737561299795864, 0.011904901094609328, 0.011650585697561208, 0.011858758291284677, 0.011680620276741787, 0.011822852551931608, 0.011650129163659033, 0.011743503454214148, 0.011650426705198546, 0.011692817000454448, 0.011655165715831098, 0.011664749467843426, 0.011700721805161142, 0.01167833520779203, 0.011652049495490046, 0.011660405158500796, 0.011712823311074802, 0.011652122791159694, 0.011649925544439853 ]
        },
        "idxs": [ 7162, 9609, 6537, 648, 12526, 22, 9642, 910, 6240, 4258, 8967, 3516, 9954, 819, 12141, 9871, 9373, 2839, 11225, 9433, 9173, 1879, 4589, 11086, 5888, 7023, 10068, 7187, 1729, 12540, 1969, 12616, 11847, 8450, 2677, 9063, 6019, 2213, 5449, 12439, 11138, 4659, 965, 9483, 9251, 351, 8455, 651, 11274, 625, 8108, 8447, 2508, 8572, 4019, 12442, 439, 366, 5782, 12478, 1663, 12287, 11039, 11980, 10619, 7465, 5086, 11864, 7182, 8731, 1024, 2878, 7996, 11630, 752, 5653, 2688, 233, 2504, 1889, 8150, 12570, 5221, 7122, 6799, 4678, 9904, 952, 6182, 4447, 6681, 11483, 5967, 10199, 2807, 8859, 9725, 6235, 5386, 4350, 4546, 1372, 2551, 9195, 9469, 8155, 8695, 5731, 5055, 10567, 12237, 4674, 9316, 2960, 1756, 7987, 5416, 2728, 4833, 3754, 3459, 3506, 6289, 6030, 6837, 176, 5556, 10943, 10514, 11536, 3163, 3446, 5549, 7932, 7725, 4420, 1012, 11077, 3674, 459, 5252, 5293, 7643, 5561, 5487, 9116, 1254, 106, 10686, 10040, 9749, 2833, 6038, 3005, 5163, 7269, 7083, 979, 4066, 2335, 8573, 6975, 4709, 7587, 4713, 12092, 8717, 11412, 6607, 8958, 2501, 5989, 103, 3535, 8815, 11707, 1384, 4756, 443, 2330, 288, 12424, 10045, 5024, 5356, 12204, 4638, 9664, 5897, 3476, 641, 802, 10780, 2401, 11637, 9546, 10693, 12612, 12180, 2444, 12101, 4616, 8659, 5607, 10190, 6956, 10949, 12179, 2205, 3278, 6463, 7920, 757, 8629, 308, 8568, 4166, 11880, 7063, 7619, 4683, 467, 7903, 9822, 10829, 8652, 10600, 7495, 8251, 5288, 585, 8340, 4922, 2933, 11942, 9081, 8329, 2909, 3851, 4283, 3407, 6403, 5049, 7755, 10128, 12477, 12533, 5744, 9078, 6211, 6108, 5298, 4443, 2297, 283, 645, 6595, 7051, 1431, 10400, 1059, 2216, 5217, 3922, 10222, 606, 4597, 480, 9856, 7543, 4513, 4459, 4660, 7679, 8480, 12139, 11434, 1785, 1655, 1301, 2843, 1910, 12107, 413, 1966, 4306, 3248, 68, 3467, 6582, 1566, 3026, 10227, 5510, 5319, 3912, 1791, 7385, 5828, 8920, 2439, 187, 646, 6934, 3485, 10769, 8233, 4501, 347, 3696, 1538, 9889, 8192, 1882, 8017, 1684, 6747, 9788, 613, 6208, 1740, 2984, 8173, 1194, 4736, 10141, 9875, 10778, 11683, 2883, 8991, 12250, 7012, 12238, 11677, 10581, 5696, 1750, 7745, 45, 3135, 5599, 3870, 2148, 7289, 9504, 8949, 10092, 3399, 616, 1861, 10374, 4942, 7554, 10964, 10234, 5792, 6066, 3670, 3828, 119, 30, 11991, 3998, 1119, 4109, 1678, 8825, 7035, 11960, 2964, 11108, 3351, 12354, 6922, 7839, 10983, 5895, 5040, 10894, 2788, 10636, 9299, 2870, 6543, 11238, 11021, 9985, 31, 7758, 5573, 12620, 2953, 2976, 10356, 10412, 3150, 160, 11144, 10160, 9427, 4144, 2294, 4357, 6898, 9217, 3799, 7729, 1776, 5211, 6907, 10166, 1968, 3959, 1640, 6440, 9241, 8603, 7229, 9522, 9539, 8728, 6757, 2156, 8904, 8678, 6802, 3915, 2455, 7097, 10678, 8892, 9751, 3957, 9733, 1014, 10203, 5786, 5649, 3890, 6685, 12341, 12266, 7341, 5007, 12397, 4828, 5692, 3170, 10938, 11432, 624, 10220, 887, 3725, 4337, 6242, 2838, 102, 9922, 9831, 1275, 3522, 1987, 11556, 5013, 2202, 489, 11270, 907, 9547, 11407, 6253, 3161, 12004, 4541, 10307, 8479, 4593, 4537, 1226, 5236, 2121, 1110, 4814, 1847, 4967, 2328, 5489, 12520, 5201, 161, 1593, 839, 9440, 10125, 4207, 98, 8161, 1854, 497, 10327, 3180, 1457, 9429, 12377, 4845, 909, 1321, 1309, 4014, 10447, 8143, 4533, 9647, 2227, 10109, 5920, 3079, 2413, 7484, 5941, 8724, 2440, 2555, 4392, 6775, 9708, 4664, 8125, 9569, 2459, 2558, 10485, 7457, 8211, 11504, 7864, 7574, 6305, 12623, 3669, 3523, 3798, 9357, 6573, 10982, 8931, 6102, 9257, 4382, 10589, 3289, 7911, 9456, 12278, 12357, 3493, 6278, 3703, 11749, 6649, 5346, 10455, 10225, 9602, 9486, 10842, 1258, 5282, 1436, 8478, 5636, 395, 12546, 8483, 11773, 3989, 400, 3123, 3152, 6878, 5942, 10673, 10167, 1455, 9727, 3489, 2529, 746, 7887, 604, 12160, 1938, 3580, 7764, 5927, 4338, 8386, 10019, 11894, 5177, 11592, 1542, 12630, 6614, 12519, 11034, 11093, 1752, 6787, 3474, 8367, 4440, 3921, 10569, 12333, 592, 356, 8473, 2656, 3648, 8298, 8019, 1029, 11176, 9480, 4762, 2786, 3834, 6282, 8112, 5867, 2029, 10394, 5536, 5116, 3404, 6246, 8910, 10024, 7942, 5097, 8485, 1080, 5640, 12240, 1850, 10617, 4235, 7590, 5949, 4098, 9983, 10804, 3829, 789, 5759, 4718, 12601, 4053, 12221, 3969, 7807, 6031, 9773, 1975, 4282, 326, 8809, 