dset_key                          ,group_key ,E_unit   ,R_unit   ,E_mae               ,E_rmse             ,E_sse              ,E_max_abs_err      ,F_mae              ,F_rmse             ,F_sse              ,F_max_abs_err      ,time
isomers/meoh-boyd.etal.exdir      ,4meoh     ,kcal/mol ,Angstrom , 4.006440248325816  , 4.327179030662976 ,224.6937403609125  , 6.814018613833468 ,1.5556687825746707 ,3.03556454063134   , 7961.459397412342 ,14.192838070485287 ,4.972414255142212
isomers/meoh-boyd.etal.exdir      ,5meoh     ,kcal/mol ,Angstrom , 6.6615733550612015 , 6.879553673421458 ,662.5956224368135  , 8.368639410415199 ,2.0155630850598594 ,3.8212030085342192 ,18398.00646486302  ,20.121549576760724 ,4.324237585067749
isomers/meoh-boyd.etal.exdir      ,6meoh     ,kcal/mol ,Angstrom , 7.900040644686669  , 8.214668696258528 ,472.36547252502845 ,10.420781103952322 ,1.982750390731715  ,3.908065537448084  ,11546.37004121197  ,20.672183721734605 ,2.71441388130188
isomers/16meoh-pires.deturi.exdir ,          ,kcal/mol ,Angstrom ,21.699865684611723  ,21.699865684611723 ,470.8841707301894  ,21.699865684611723 ,2.5778017873202237 ,4.066450415900121  , 4762.373467672588 ,12.597453096890106 ,2.4846553802490234
