{
    "model": {
        "sigma": 441.65126811218556,
        "n_symm": 48
    },
    "testing": {
        "n_test": 2700,
        "energy": {
            "mae": 0.015726564569192338,
            "rmse": 0.02058646075841818
        },
        "force": {
            "mae": 0.019503063281372728,
            "rmse": 0.032774120242268376
        }
    },
    "validation": {
        "sigmas": [ 2.0, 25.0, 50.0, 100.0, 200.0, 300.0, 400.0, 500.0, 700.0, 900.0, 1100.0, 1500.0, 2000.0, 498.9401952811086, 441.65126811218556, 620.5830934523615, 566.6252483607585, 660.9537602497305, 537.8515679426644, 465.5308682272298, 593.5017013279094, 419.01691778506967, 521.0260177290296 ],
        "losses": [ 0.0008590327385432289, 0.0006433950682406058, 0.0006361801491170527, 0.000573025927999668, 0.0003650612614754831, 0.0002274981353357592, 0.00017545020717137926, 0.0001736628473640757, 0.00022368408061273313, 0.00028904886671131624, 0.0003634758163663513, 0.0005597676275795109, 0.0008436892928974253, 0.00017354387325356586, 0.00017058404989168705, 0.0002000544695701173, 0.00018613695195439565, 0.00021175969572852468, 0.000179912220611583, 0.00017067952795301225, 0.0001927302854807948, 0.00017229123084310538, 0.0001768289265461237 ],
        "force": {
            "mae": [ 0.05816454573212357, 0.04388272196643567, 0.04345213451635164, 0.04049912707327607, 0.03160932310444322, 0.02506649704717212, 0.02205616296477514, 0.021894725906182157, 0.025284475881816603, 0.029289417933259055, 0.033242609507401794, 0.04253728790789397, 0.05430695581023266, 0.02188751625430686, 0.02171839970364708, 0.023692258607815323, 0.022732495639961058, 0.024487894830174124, 0.022312329664578585, 0.02171077214903763, 0.023188412381691486, 0.02184331091963012, 0.022103755610847868 ],
            "rmse": [ 0.08767736858730613, 0.07586529198293647, 0.07543749801351357, 0.07158950902358356, 0.05707796958123461, 0.04487335125933065, 0.039193550427645274, 0.03884062425386433, 0.043848577929471604, 0.049628621664548817, 0.05557593485938486, 0.0690147763595151, 0.08445110899056317, 0.0388287937290464, 0.03857317189380891, 0.04155088738580106, 0.04013389953791244, 0.04270492766968075, 0.039488983471676606, 0.03854991331796335, 0.040813559625250975, 0.03880369500629567, 0.03916667744660361 ]
        },
        "energy": {
            "mae": [ 0.014932457085916187, 0.011770855969455851, 0.011719423376622217, 0.011245369410782587, 0.011674809691019618, 0.014282869889149879, 0.016245270973504377, 0.017685176588016476, 0.021889008653979546, 0.02714768512216324, 0.031194808863885554, 0.03939795667031649, 0.05312136550298237, 0.01766496889383052, 0.01684393652097424, 0.020030102356813587, 0.018940250719202596, 0.020965209581041564, 0.01835680105866413, 0.017155762323065572, 0.019388686302434507, 0.016529021806538365, 0.01808244437309986 ],
            "rmse": [ 0.022104218927296058, 0.019723952305437907, 0.019665320720782142, 0.01890783193378391, 0.017529892489688947, 0.019398042506787106, 0.0218371420133579, 0.024579018569776487, 0.03170330145402913, 0.039220135429382914, 0.045042919261346, 0.055263941655951165, 0.071586298063623, 0.024544661521683206, 0.02294119513399755, 0.0286771266931086, 0.026771185892944402, 0.030207875037269735, 0.025783321456127124, 0.023574924238035973, 0.027653796211819633, 0.022334410781555288, 0.02526123879887156 ]
        },
        "idxs": [ 1023, 3803, 1151, 2911, 3810, 4967, 1024, 1129, 1632, 3479, 247, 1584, 3088, 4884, 201, 1977, 576, 1272, 820, 4718, 1162, 2949, 2191, 2233, 1291, 751, 421, 2026, 2697, 1274, 246, 3256, 3285, 2157, 2904, 4788, 1620, 1233, 3697, 1157, 4842, 3367, 4638, 816, 382, 4065, 1315, 2939, 2858, 2357, 4190, 3763, 634, 3705, 3183, 1207, 805, 2224, 3260, 1073, 3666, 4280, 3104, 4925, 1195, 1342, 2341, 1194, 2890, 1059, 3377, 476, 4410, 1168, 2951, 1788, 3475, 3986, 1435, 1347, 4657, 242, 3626, 1689, 105, 3688, 4841, 1132, 3998, 3242, 2751, 74, 4225, 3219, 2366, 857, 1748, 528, 1529, 1627, 3059, 795, 3419, 4839, 2185, 781, 3555, 496, 1568, 1802, 1117, 1533, 3891, 1371, 3525, 259, 3141, 71, 1449, 500, 580, 2011, 542, 1020, 4868, 3829, 4349, 3254, 719, 4693, 4822, 2844, 708, 2596, 4589, 1506, 2184, 2706, 652, 1469, 2374, 3670, 483, 320, 1026, 346, 2684, 3322, 3153, 1053, 265, 2569, 1970, 4475, 2048, 3021, 3815, 317, 3227, 1116, 4580, 3580, 2293, 1544, 628, 1934, 3269, 775, 670, 2785, 2811, 3221, 4741, 3783, 149, 1289, 4023, 4341, 1005, 188, 801, 4663, 1986, 1846, 4091, 1531, 2424, 69, 2714, 3665, 3137, 3551, 3267, 771, 2364, 492, 2771, 1535, 2415, 4237, 190, 4112, 2588, 1411, 568, 4195, 4228, 3264, 3940, 4067, 2291, 1635, 4119, 1482, 4485, 3459, 2182, 3696, 2161, 2435, 2451, 2145, 104, 572, 3605, 2857, 2784, 4673, 1452, 1134, 1987, 4556, 4702, 4900, 4215, 2315, 621, 1688, 4866, 768, 11, 1445, 3569, 3550, 4585, 1147, 763, 4208, 405, 3336, 1000, 4712, 3492, 1012, 3396, 4384, 2886, 1443, 4813, 1844, 2608, 4979, 1858, 1695, 899, 4032, 1750, 3008, 663, 954, 3453, 1690, 275, 2022, 1123, 2956, 371, 2847, 3671, 4932, 2862, 1074, 4260, 1891, 1600, 4850, 684, 2664, 3862, 2304, 4040, 344, 4419, 2031, 566, 1296, 2584, 399, 4348, 3682, 3518, 2352, 356, 1861, 579, 2389, 1176, 2622, 3968, 1729, 3215, 329, 761, 1035, 4430, 3178, 3348, 431, 3290, 103, 2218, 110, 131, 583, 939, 2361, 1048, 2794, 158, 3913, 1390, 685, 4392, 1971, 260, 2972, 3456, 936, 2377, 2386, 466, 324, 4219, 1197, 1668, 1003, 1414, 1563, 3654, 4268, 2264, 3514, 2260, 3133, 2738, 3672, 433, 298, 163, 4184, 3173, 4236, 3274, 2113, 4664, 30, 2454, 4160, 4207, 4748, 507, 3970, 3491, 3678, 1952, 702, 4506, 1948, 1745, 1485, 575, 2273, 4993, 4995, 331, 1158, 2171, 557, 360, 3616, 4321, 1496, 1856, 4825, 68, 2125, 2993, 3278, 2764, 797, 3789, 2520, 4539, 4736, 1685, 4465, 2105, 4275, 3318, 3662, 1293, 1655, 607, 4105, 4648, 64, 2429, 635, 4576, 2614, 846, 1770, 1248, 3053, 1715, 2855, 2743, 4988, 1396, 3298, 4832, 2798, 3956, 1673, 1875, 3277, 87, 1682, 2969, 4060, 4626, 183, 1753, 3332, 2340, 4859, 2566, 1300, 2124, 3084, 1257, 2433, 3024, 4204, 2715, 2618, 2678, 2936, 844, 2319, 1249, 4239, 4865, 2211, 3679, 1446, 724, 4426, 660, 1680, 3850, 2573, 4467, 2519, 1298, 2046, 3790, 901, 1611, 2889, 1692, 4667, 4148, 4609, 2968, 1697, 4912, 2635, 641, 4641, 2269, 2283, 3634, 2438, 4142, 2328, 4077, 60, 204, 3767, 3063, 66, 303, 3029, 3327, 642, 3464, 3574, 1128, 3314, 1264, 725, 1936, 4440, 3951, 3224, 4014, 4171, 3418, 2545, 1594, 1444, 1039, 3959, 410, 98, 689, 1307, 4095, 1763, 714, 297, 4066, 4854, 1847, 906, 29, 4181, 3578, 1077, 120, 194, 1211, 4634, 2412, 1571, 451, 2251, 1558, 743, 1366, 3299, 943, 2647, 999, 2840, 2355, 2926, 3222, 1990, 3673, 4875, 3540, 2992, 2354, 2178, 3071, 912, 3603, 3500, 3731, 2927, 3782, 717, 3384, 1464, 2661, 266, 2966, 4516, 1982, 1658, 4923, 289, 2284, 2761, 3483, 1092, 2668, 4622, 4345, 737, 3428, 4353, 4565, 4063, 113, 2281, 1339, 3246, 52, 2513, 4574, 2606, 2209, 218, 1350, 4893, 2285, 3167, 2945, 3774, 379, 687, 4845, 4214, 935, 3887, 4411, 910, 4307, 613, 2228, 4531, 3594, 3606, 3188, 2625, 814, 2978, 776, 625, 2279, 3291, 4194, 2948, 2008, 1124, 2655, 1348, 1885, 1679, 1022, 4110, 4451, 3135, 2375, 1100, 1121, 1662, 2592, 1273, 2255, 1937, 4513, 997, 1944, 626, 3126, 3593, 118, 4380, 767, 3921, 4996, 3740, 3648, 4147, 2344, 2005, 893, 1367, 4672, 4127, 1155, 3652, 148, 2970, 3749, 1926, 2662, 4796, 2372, 1120, 4927, 987, 347, 2699, 4541, 3187, 4494, 4149, 2067, 3387, 340, 1989, 2791, 4041, 3451, 3747, 1591, 3725, 2538, 3950, 254, 606, 3733, 2371, 2039, 2197, 1672, 4894, 2199, 852, 4948, 2348, 3953, 883, 1851, 3735, 2404, 2560, 3317, 3632, 2682, 3236, 682, 4046, 1917, 791, 3708, 2079, 2779, 764, 2214, 3823, 895, 3266, 1622, 4003, 50, 1457, 462, 4592, 1587, 2447, 3155, 1405, 181, 3660, 2240, 2692, 3860, 4446, 2131, 2491, 4336, 865, 4081, 3270, 4833, 2895, 756, 2488, 3658, 3628, 3846, 3633, 1111, 2762, 40, 2017, 4872, 4870, 2179, 2231, 1135, 280, 2295, 307, 723, 3872, 1723, 365, 918, 888, 1334, 1440, 2615, 1458, 1174, 1376, 1976, 2740, 4766, 4629, 4684, 299, 1671, 1125, 