{
    "model": {
        "sigma": 471.3353601927673,
        "n_symm": 72
    },
    "testing": {
        "n_test": 7369,
        "energy": {
            "mae": 0.04210433454281311,
            "rmse": 0.06410492096812162
        },
        "force": {
            "mae": 0.06649215255001839,
            "rmse": 0.11206848571696214
        }
    },
    "validation": {
        "sigmas": [ 2.0, 25.0, 50.0, 100.0, 200.0, 300.0, 400.0, 500.0, 700.0, 900.0, 1100.0, 1500.0, 2000.0, 498.7328042283055, 419.8420266666357, 676.0204138365725, 449.6411039952375, 471.3353601927673, 539.4191781612079, 572.4465451071172, 608.6724532145735, 641.059411922661, 590.4443261550126 ],
        "losses": [ 0.009580613857314813, 0.0030382671060042795, 0.002861738701042698, 0.002785443649591922, 0.0021501212899806953, 0.00152620710449077, 0.0012414315787662783, 0.0011883889138635253, 0.0014390668514378006, 0.0019403961383111534, 0.0025535386718557487, 0.004038090329371241, 0.007797013234768021, 0.0011884949672101627, 0.0012165825456160024, 0.0013926694974140353, 0.0011934384500359213, 0.00118655351513444, 0.0012088833972363363, 0.0012391849776349935, 0.0012837506990214427, 0.0013318859385183838, 0.0012591780115509253 ],
        "force": {
            "mae": [ 0.2423729999583191, 0.11973992284529547, 0.11077669713197584, 0.1087505201881754, 0.09455895866055972, 0.0797304615644508, 0.07135176837170963, 0.06889765683825906, 0.0732150482250609, 0.08367883396159202, 0.09562096416267905, 0.1193093343095077, 0.15078174463116262, 0.06892495522090217, 0.07047836463215149, 0.07227647798433458, 0.06954125055637435, 0.06912941195211499, 0.06903266820617965, 0.06949024084370375, 0.070240835694855, 0.07112126409416372, 0.06980458464421332 ],
            "rmse": [ 0.33803751844717866, 0.19024404075000334, 0.18465052750651054, 0.18215565458296273, 0.15984702823249283, 0.13427164622786125, 0.12047369618248265, 0.11718968069950501, 0.12791097109159225, 0.14788293704897498, 0.16919853885977215, 0.2075695271616584, 0.2522269862520872, 0.11720299063096301, 0.11911641142010322, 0.12593088217664591, 0.11776903334596747, 0.11728709864363292, 0.11795403426208867, 0.11925476296970067, 0.12119322384811518, 0.123294329877099, 0.12012443874476593 ]
        },
        "energy": {
            "mae": [ 0.05993502819597335, 0.03576258009969524, 0.033464081444313704, 0.03358472208825697, 0.0337270581283301, 0.03343342421159468, 0.03801607030157902, 0.04424937997798406, 0.05864223050259898, 0.07493730026827689, 0.08920090688361233, 0.1555132016274365, 0.44205541671680837, 0.04416418599195458, 0.03929492206231953, 0.056582685489498546, 0.04121511867822119, 0.04241293339877302, 0.04684050459990249, 0.04870178003528417, 0.051459457883305734, 0.05394038585456292, 0.049737514640517476 ],
            "rmse": [ 0.07626720624724098, 0.04711778071691023, 0.04518914914738636, 0.045151716334619785, 0.04567850014038188, 0.04878612107533885, 0.056514561053340275, 0.06628509786711535, 0.08696674132771792, 0.10860442706993821, 0.12956074862097056, 0.21158086212959726, 0.49954734696694536, 0.06616888705428639, 0.05847157983362026, 0.08433301464927341, 0.061353904058574986, 0.06340206840553413, 0.07032345318443728, 0.07351424128813597, 0.07730949066134334, 0.08068144573866307, 0.07529139807364446 ]
        },
        "idxs": [ 3239, 7229, 10062, 6487, 3626, 6132, 211, 4374, 9206, 4189, 185, 3663, 6278, 6007, 8191, 6841, 3466, 7170, 3004, 6878, 2551, 4105, 1879, 67, 3819, 3378, 5401, 1631, 1490, 6442, 5359, 7641, 3458, 6321, 5698, 8572, 1531, 9059, 7900, 5813, 404, 1347, 2965, 3437, 3481, 6787, 6357, 6982, 1807, 4602, 8382, 2214, 8539, 7602, 3682, 9291, 1607, 6564, 3629, 5001, 1663, 6244, 5125, 4888, 5467, 8095, 1248, 8128, 141, 4282, 4683, 7630, 5293, 888, 5468, 8485, 782, 199, 2374, 4631, 1259, 3991, 2516, 8739, 813, 2751, 2222, 6084, 9193, 1830, 9385, 4403, 4026, 2757, 7555, 8587, 4493, 4010, 9974, 1876, 4301, 1588, 487, 3506, 6216, 2066, 4661, 2245, 3412, 1787, 6483, 2187, 4839, 4237, 4987, 7270, 2007, 4436, 24, 4042, 1283, 9765, 8080, 4332, 5608, 9180, 7254, 10033, 5254, 7073, 4651, 3142, 6234, 7429, 1456, 392, 1390, 5756, 4009, 5942, 7562, 9087, 9494, 4600, 6134, 6065, 6028, 3294, 5720, 823, 3904, 8441, 7959, 9439, 458, 125, 4712, 2849, 3308, 1732, 9196, 3228, 5811, 9526, 6410, 9797, 4636, 3199, 5520, 7545, 3047, 7437, 172, 2566, 3311, 3054, 9785, 2786, 7149, 8829, 9434, 8597, 9006, 1305, 5880, 8314, 6986, 8755, 5411, 1753, 6406, 3265, 2277, 6980, 1759, 7695, 8135, 7569, 5373, 5376, 3079, 5343, 8560, 6236, 5834, 4912, 5672, 3166, 7068, 9224, 2615, 9057, 7973, 8812, 7838, 450, 7670, 1822, 3871, 3486, 8339, 6263, 2188, 7510, 2306, 710, 9895, 9666, 995, 9342, 6304, 4391, 7271, 7380, 4170, 8545, 8568, 3511, 807, 10116, 1371, 2384, 1641, 984, 5200, 1741, 8958, 3853, 3208, 1192, 573, 4692, 3094, 9446, 2561, 1870, 567, 8247, 3893, 4890, 4986, 478, 7216, 9048, 5440, 6759, 9619, 68, 2355, 9806, 9712, 4675, 2806, 7208, 4782, 1081, 8956, 4013, 9470, 2730, 1138, 1446, 4379, 9392, 5365, 3891, 1392, 2474, 2310, 7370, 7860, 6360, 5120, 6850, 2847, 7037, 9123, 7972, 6257, 3510, 8294, 5035, 4504, 5512, 1612, 3813, 17, 5305, 3675, 8177, 498, 6748, 3071, 4734, 2072, 194, 2253, 6518, 6608, 2610, 9163, 5668, 8267, 8407, 7731, 1481, 4385, 2093, 7906, 2255, 949, 8876, 2728, 8563, 4747, 110, 5954, 4701, 9305, 7061, 4520, 9191, 4880, 3347, 4865, 6261, 2574, 9955, 1801, 9107, 7258, 7890, 7480, 6424, 2620, 3533, 7543, 5863, 136, 2714, 4067, 7701, 620, 6367, 5327, 9328, 1846, 1943, 9897, 6011, 440, 1340, 7850, 4143, 4777, 8388, 9227, 2886, 4355, 4714, 1788, 1366, 7668, 7399, 7617, 7225, 324, 7765, 7411, 7047, 6820, 220, 1334, 5915, 4017, 3078, 8288, 7523, 6617, 1076, 2525, 7997, 1449, 4573, 2875, 4499, 321, 5150, 2761, 732, 8998, 355, 1089, 6500, 1835, 10060, 7317, 7992, 690, 2981, 4063, 5814, 9871, 204, 455, 8959, 7844, 352, 6393, 1393, 2679, 480, 741, 3951, 2379, 886, 5216, 6516, 7279, 7519, 1007, 4305, 7980, 8704, 4349, 9260, 4902, 2369, 1440, 275, 2013, 8581, 6157, 4153, 1797, 6344, 6969, 933, 7320, 5474, 4490, 2175, 8108, 2483, 6522, 1560, 8181, 3292, 2390, 9211, 8677, 3154, 7097, 7529, 1404, 7092, 8290, 9068, 9164, 3261, 8039, 4381, 4904, 310, 7125, 5555, 8967, 9829, 5280, 8087, 2089, 4500, 5188, 2054, 784, 6446, 7589, 2440, 257, 7223, 8083, 10123, 4180, 1241, 9176, 1423, 5038, 1825, 2047, 3440, 3013, 1208, 4066, 8666, 9856, 6408, 9941, 958, 3744, 4395, 2616, 3081, 1889, 1630, 10050, 5243, 7177, 3121, 8681, 7409, 5262, 6128, 2265, 8049, 8512, 10154, 8199, 9234, 9567, 2424, 552, 9317, 6460, 7932, 3977, 8103, 3076, 2457, 9608, 9913, 7854, 5805, 265, 3426, 8765, 9456, 1690, 1270, 10150, 6144, 6594, 817, 4205, 502, 161, 5218, 5167, 2313, 5614, 2861, 6560, 6351, 4397, 7863, 7218, 5912, 7028, 2784, 7488, 10053, 9351, 7663, 8000, 3286, 7161, 8611, 1581, 3597, 601, 485, 1589, 767, 4639, 5004, 7280, 4591, 9721, 900, 5181, 5729, 7686, 4820, 4658, 5724, 2863, 518, 4663, 7364, 3006, 14, 7885, 542, 5766, 516, 5241, 8945, 5433, 7357, 7795, 3282, 6700, 9050, 1912, 4710, 3557, 3582, 157, 6491, 3642, 4231, 2923, 8110, 336, 3187, 8434, 9633, 2129, 9167, 225, 1549, 8278, 9203, 7768, 8073, 5165, 9989, 6521, 3315, 363, 7060, 5876, 2555, 9111, 3530, 2191, 5361, 6508, 852, 1680, 7752, 9902, 6675, 756, 5072, 9663, 5458, 4285, 9723, 6987, 4755, 8866, 8721, 4798, 8993, 7213, 4095, 7076, 9575, 9171, 6040, 6353, 6929, 9126, 9761, 5456, 8954, 343, 5065, 9725, 1073, 6110, 8070, 4878, 6891, 3196, 5193, 5866, 9425, 4447, 5326, 6249, 9901, 1370, 6350, 5182, 8008, 2918, 2850, 5827, 4985, 9894, 5249, 6224, 1704, 1499, 5261, 4249, 3411, 3410, 7648, 5960, 8484, 1675, 4139, 1894, 6898, 7879, 5506, 8167, 3003, 3176, 967, 4160, 5284, 9303, 4437, 9322, 5489, 10114, 9874, 1681, 1920, 69, 3159, 4649, 9293, 2192, 8773, 2959, 5622, 9831, 5173, 5006, 4184, 10072, 5956, 2960, 7486, 6706, 6194, 3310, 5387, 5211, 6211, 8770, 6547, 7188, 8873, 3, 3472, 5596, 7336, 5845, 10007, 217, 6764, 7804, 1859, 4612, 579, 7294, 7974, 2022, 4926, 8149, 3420, 9883, 4485, 8957, 6226, 171, 5090, 9136, 9544, 