{
    "model": {
        "sigma": 522.0968356887702,
        "n_symm": 72
    },
    "testing": {
        "n_test": 7569,
        "energy": {
            "mae": 0.05019642529931448,
            "rmse": 0.07909859043682396
        },
        "force": {
            "mae": 0.07852601332892263,
            "rmse": 0.13639528759399422
        }
    },
    "validation": {
        "sigmas": [ 2.0, 25.0, 50.0, 100.0, 200.0, 300.0, 400.0, 500.0, 700.0, 900.0, 1100.0, 1500.0, 2000.0, 502.05585432783533, 614.5199729151482, 565.5098324021272, 447.31355609193594, 655.9521635910362, 537.3703202045126, 475.2880208416379, 522.0968356887702, 514.0466442783942, 549.163867378204 ],
        "losses": [ 0.004083344167212115, 0.003809246225518366, 0.0038030208354529736, 0.0037338504402213064, 0.003102047023622821, 0.0023198842902574877, 0.0018491893645226133, 0.0016932923801139647, 0.0019073842238794122, 0.0024569647656079445, 0.003136477917387521, 0.004860913759480301, 0.009274182655698635, 0.0016930181612770702, 0.0017573718928463142, 0.0017066022973172912, 0.0017438127884394456, 0.0018213946786144162, 0.0016919537572138246, 0.0017091823693445145, 0.0016895569026370366, 0.0016897890563773344, 0.0016971202082611452 ],
        "force": {
            "mae": [ 0.1339162094802774, 0.12677944525663845, 0.12665252826280132, 0.12494293203096185, 0.11189401390536421, 0.09648340581774079, 0.08587327340692567, 0.08122463235172574, 0.08376690780233549, 0.09408666881441244, 0.10626563150172334, 0.13056826926424495, 0.16214636163980523, 0.08120054369037016, 0.08126668983374868, 0.08068178923677287, 0.08303104806981415, 0.08226993047742753, 0.08069720362200684, 0.08191078817500805, 0.08087414445271673, 0.08096958206358193, 0.08067561063015241 ],
            "rmse": [ 0.220415872039063, 0.21289366904967805, 0.21271790581098457, 0.21075536498659672, 0.19185620510921667, 0.16550697305100318, 0.14712149471828528, 0.1399519876113561, 0.14707135364143273, 0.16610239338929436, 0.18700591581632656, 0.22581082349822879, 0.27212570776980083, 0.13992521750292178, 0.1416769310173903, 0.1399764927646264, 0.1424862564386474, 0.14396591178655233, 0.1395923082474657, 0.14082313716217756, 0.13961777292194633, 0.13969418785297968, 0.13970543067762053 ]
        },
        "energy": {
            "mae": [ 0.04273088704561393, 0.04149688235565281, 0.041619508307036084, 0.04185898497820017, 0.043860741701064396, 0.04296086641032889, 0.04479125334433047, 0.05071582678242703, 0.0684534215205058, 0.08606318165872653, 0.10138148739769531, 0.18048436670497175, 0.4873642908510374, 0.05082459898563684, 0.06078624717016646, 0.05599377846673451, 0.047078419747806036, 0.06448458376379858, 0.05367257948513725, 0.04889766399508517, 0.05232950854135561, 0.051659560225409226, 0.054868305706775575 ],
            "rmse": [ 0.05894724758946148, 0.056806717970277115, 0.056814212777612665, 0.056890348626552116, 0.05886147895440907, 0.060968116980951594, 0.06742515394426356, 0.07815314692951726, 0.1024136882383397, 0.125617544476725, 0.14906716770042625, 0.24732632129798654, 0.5570591757851269, 0.07837683767568468, 0.09201946948197993, 0.08591706471563093, 0.07207751541300059, 0.09706322625139883, 0.08253446576584501, 0.07522369262942243, 0.08070317610232114, 0.07973929168569885, 0.0840552962000961 ]
        },
        "idxs": [ 3239, 8551, 91, 7229, 9438, 5337, 3626, 4940, 8097, 9539, 2431, 4627, 7971, 185, 4957, 5419, 6260, 8191, 3466, 838, 6413, 1244, 1323, 4105, 610, 4035, 8432, 3875, 9012, 2969, 8690, 760, 1490, 6267, 7459, 1531, 8010, 9016, 8572, 1991, 4383, 6312, 251, 7900, 6864, 457, 5905, 3790, 3481, 5422, 3787, 26, 6982, 5743, 9728, 3398, 8232, 8382, 8539, 7141, 6476, 9110, 4869, 2289, 2581, 8363, 1607, 4888, 7355, 3923, 3772, 7311, 8128, 4501, 4282, 111, 5132, 2677, 9146, 199, 2540, 8485, 9469, 5295, 4631, 8856, 813, 4417, 2751, 8695, 2285, 9409, 4899, 1254, 2406, 9385, 4403, 3395, 1974, 1655, 7555, 6501, 3044, 7129, 4352, 8338, 487, 3506, 2438, 8093, 6381, 1787, 7624, 307, 4519, 6483, 8981, 7366, 6666, 880, 4987, 10061, 3106, 4530, 4436, 1572, 3911, 6622, 4547, 253, 1283, 7371, 4768, 6368, 7073, 5592, 6192, 7612, 10113, 5736, 1456, 3594, 7433, 4651, 9910, 3900, 4600, 3431, 9822, 5756, 41, 5228, 6845, 4407, 6716, 6028, 4250, 3294, 1100, 458, 9439, 2858, 7959, 4388, 3778, 3308, 1864, 2249, 2894, 2849, 9510, 5105, 9948, 5483, 5958, 9526, 4700, 3297, 9747, 3242, 4005, 3689, 5520, 3054, 9423, 2566, 980, 2413, 896, 9525, 9680, 3898, 5850, 7149, 932, 5980, 4238, 9801, 8314, 3118, 4973, 8590, 5460, 3265, 6406, 8296, 1480, 650, 4728, 7695, 3079, 1176, 9148, 2964, 495, 3471, 2843, 3166, 968, 796, 5379, 594, 9338, 5803, 4525, 1335, 2615, 7570, 8245, 1702, 8799, 3007, 8060, 5113, 7758, 2803, 3871, 710, 2306, 6272, 8932, 9419, 3927, 1320, 2420, 1413, 8545, 5395, 2851, 280, 7067, 8353, 3093, 2382, 10116, 2449, 757, 9708, 6389, 567, 5014, 1870, 3094, 1987, 984, 8958, 7515, 5528, 7986, 1342, 1133, 6486, 8224, 478, 8269, 9867, 8913, 648, 8510, 2500, 9554, 4556, 367, 1147, 5964, 2806, 9109, 2453, 2459, 8058, 7252, 6573, 2393, 9470, 3510, 2730, 4850, 5573, 6340, 4104, 7509, 3673, 7186, 7928, 6006, 613, 6959, 1487, 5120, 655, 1407, 5168, 3126, 9392, 10045, 7897, 8419, 7261, 4939, 1932, 1195, 7045, 6003, 6677, 6026, 1800, 3884, 3462, 2132, 1612, 3675, 6533, 8169, 6083, 6748, 1406, 7839, 4240, 2637, 7906, 9653, 1481, 8492, 5574, 865, 2262, 1752, 4343, 8801, 390, 7258, 5815, 4708, 9191, 1438, 3223, 3289, 2020, 5082, 4865, 4446, 1939, 8854, 9379, 3487, 7480, 6424, 7578, 5323, 9295, 4258, 5852, 3347, 9649, 9449, 4508, 5863, 7473, 5226, 6261, 5150, 7738, 1265, 2776, 5566, 3596, 4550, 7058, 4608, 6617, 9058, 1599, 2912, 2096, 2240, 4898, 7893, 8685, 5042, 9227, 2101, 7079, 8487, 4355, 4226, 8279, 2554, 9219, 6142, 220, 7268, 6049, 1755, 9716, 5828, 7922, 6205, 1181, 7668, 8009, 2867, 9620, 5554, 1366, 6364, 8953, 6682, 972, 8700, 3171, 5773, 2973, 622, 1179, 7356, 5814, 630, 1411, 3052, 5049, 7717, 9775, 288, 6498, 8181, 497, 8227, 8704, 7678, 2899, 9999, 2379, 4047, 6539, 2468, 933, 4153, 8750, 3570, 2883, 7980, 398, 4349, 9732, 3615, 1524, 4560, 8639, 7705, 3701, 1628, 3351, 8467, 6522, 6786, 3835, 1444, 6969, 5940, 5237, 3810, 9214, 4330, 4824, 5484, 8967, 1687, 9856, 8370, 7368, 4089, 3261, 4409, 5038, 666, 4904, 7745, 6124, 8562, 6718, 3213, 673, 6670, 4400, 6777, 2390, 9176, 6915, 6830, 6642, 5569, 8124, 5243, 1625, 9734, 5717, 0, 130, 7533, 1423, 7036, 6800, 3255, 9164, 4381, 2977, 3394, 3737, 1212, 5987, 6801, 7881, 5183, 320, 6282, 3925, 2103, 8375, 2498, 1113, 4410, 3327, 1260, 8765, 7142, 1584, 5488, 723, 4999, 9317, 8616, 8199, 8681, 2688, 1596, 4564, 3381, 6723, 7611, 10146, 1374, 9512, 6351, 1121, 3263, 4056, 1201, 3953, 6769, 9651, 2816, 2582, 4731, 9366, 4887, 9456, 9461, 3072, 7218, 6422, 2265, 4639, 1982, 3110, 6349, 9643, 7753, 5194, 10150, 5571, 7401, 699, 8102, 7932, 8879, 1496, 9477, 7409, 8023, 9753, 1570, 7497, 2445, 7820, 7620, 9699, 7785, 4316, 922, 7087, 1127, 6190, 5510, 2820, 3088, 8538, 3513, 1214, 822, 4822, 9612, 8830, 8090, 2541, 5485, 7948, 6566, 1831, 8721, 1804, 6834, 9051, 8552, 9853, 7740, 3528, 3917, 3848, 2583, 9268, 5881, 3489, 3602, 7428, 2115, 9478, 5072, 6159, 7559, 5998, 7133, 4833, 5925, 3827, 7060, 7818, 4626, 8403, 2971, 8866, 323, 6876, 4613, 3558, 2332, 8610, 2342, 5353, 84, 6148, 9024, 5427, 9171, 5579, 2825, 8252, 2863, 122, 3642, 133, 3085, 9820, 3664, 8660, 10020, 8143, 6633, 6146, 4663, 4803, 2975, 5625, 4544, 8218, 2870, 522, 5410, 4868, 5645, 7262, 2868, 8770, 3301, 8291, 3435, 4468, 4595, 5212, 5862, 6552, 8524, 4081, 10019, 1795, 5238, 5182, 4204, 9363, 8070, 9177, 1256, 7286, 1990, 8081, 8908, 733, 255, 182, 6418, 8978, 5073, 7675, 7974, 9994, 5596, 9761, 967, 9863, 6494, 2398, 2524, 469, 2745, 7294, 6753, 3995, 2766, 1027, 5561, 217, 6695, 9096, 4650, 8520, 9729, 7937, 8056, 1302, 863, 3472, 1765, 9336, 1691, 6535, 358, 883, 2359, 132, 7606, 4990, 1506, 2850, 7498, 1859, 4864, 1370, 6580, 8257, 8286, 9286, 3947, 3177, 1287, 1813, 8307, 2190, 596, 9136, 2080, 4562, 2298, 3604, 