{
    "model": {
        "sigma": 846.2302400340425,
        "n_symm": 12
    },
    "testing": {
        "n_test": 2700,
        "energy": {
            "mae": 0.01948792213249059,
            "rmse": 0.027472704135563283
        },
        "force": {
            "mae": 0.018485879651213347,
            "rmse": 0.030476950069165835
        }
    },
    "validation": {
        "sigmas": [ 2.0, 25.0, 50.0, 100.0, 200.0, 300.0, 400.0, 500.0, 700.0, 900.0, 1100.0, 900.9121286439533, 724.312294658592, 1068.1071461364802, 763.2301552525637, 804.1900795104705, 846.2302400340425, 962.6820670825394, 1011.6066557831755, 935.8576117338715, 1038.7484778600808 ],
        "losses": [ 0.00010233247632078171, 8.645947866974614e-05, 8.84175491586341e-05, 8.963145520493152e-05, 8.971517175390064e-05, 8.670696061851882e-05, 8.140240768189248e-05, 7.65813940831366e-05, 7.130841526417972e-05, 7.062640637567067e-05, 7.232213307832236e-05, 7.062965158179479e-05, 7.102632282294784e-05, 7.1971929886532e-05, 7.070531332566074e-05, 7.052501299830536e-05, 7.048847680536949e-05, 7.099853541361103e-05, 7.140725832235548e-05, 7.0816096873748e-05, 7.16685107765447e-05 ],
        "force": {
            "mae": [ 0.027553268827440393, 0.0235531802099832, 0.023923662427026884, 0.024153611856789277, 0.024125362992687548, 0.023535861826270925, 0.022527295971857108, 0.021538453908552236, 0.0202349862598915, 0.019819241078850854, 0.01987257809091279, 0.019818713727574724, 0.020144890606842488, 0.019846751419204948, 0.020027147855919282, 0.01993436939336318, 0.019868229046942475, 0.01980245283893737, 0.019813394980395763, 0.019804871001857783, 0.0198273414380361 ],
            "rmse": [ 0.040509720650431215, 0.03786204697706108, 0.03835240386590699, 0.03866907325536742, 0.03869995611645909, 0.03794961687611644, 0.036577130586136125, 0.035221259669473044, 0.033503762689507215, 0.03296858462394271, 0.033029682865550844, 0.03296786724705829, 0.03338748483629528, 0.03299951084693483, 0.03323563830004674, 0.03311636816453765, 0.03303129401411851, 0.032947592913372105, 0.03296074222338286, 0.03295079475239921, 0.03297689014164398 ]
        },
        "energy": {
            "mae": [ 0.023891511790350716, 0.01701328456867687, 0.016921183545418193, 0.016710341103398776, 0.016569009003840392, 0.0166796628105476, 0.01695963027977632, 0.01778835974926551, 0.01979670287603585, 0.021869057894935394, 0.02411882756617706, 0.021878596754278987, 0.02003858606840731, 0.023774968558769614, 0.020433764330613485, 0.020848690432067087, 0.02128696500867227, 0.022603643061320327, 0.02315593891912795, 0.022291518745147187, 0.02345216083772175 ],
            "rmse": [ 0.03341216566512677, 0.026112578361379212, 0.02588532430223912, 0.025611300376959856, 0.025515407997952058, 0.025879192638243523, 0.026599588171290874, 0.027681518181712893, 0.029911848302825044, 0.032002408126056196, 0.03422462119025323, 0.03201158276942265, 0.030161571127587543, 0.03387288507712051, 0.030558503694676414, 0.030979957101352356, 0.03142240869272804, 0.03269639452257955, 0.033243221688881754, 0.032398119708190606, 0.033545815318071444 ]
        },
        "idxs": [ 864, 256, 1991, 2425, 1072, 2445, 2901, 1752, 3562, 4971, 1220, 2796, 1183, 610, 3316, 1859, 3626, 1102, 2277, 3806, 2509, 2617, 2046, 1945, 3396, 3407, 618, 2270, 168, 1645, 2205, 1115, 3118, 1954, 4421, 843, 4447, 800, 4813, 1708, 1561, 4808, 850, 310, 4095, 3101, 1113, 2156, 1974, 2417, 1806, 3632, 4071, 3452, 1025, 1401, 1665, 460, 4968, 2134, 4870, 1565, 2558, 700, 4007, 629, 2966, 162, 3899, 3071, 4775, 3423, 2809, 3238, 246, 4893, 1413, 3145, 1812, 4342, 463, 3167, 94, 2167, 4191, 1951, 1935, 2235, 2645, 4947, 9, 903, 59, 1734, 2006, 3265, 3534, 3168, 2946, 1595, 4331, 1842, 4346, 1781, 1683, 1621, 157, 2905, 1892, 4920, 1638, 4083, 2848, 1414, 2192, 4300, 4522, 1782, 2833, 935, 1538, 4111, 1391, 2834, 3633, 4220, 12, 1077, 4647, 3258, 1474, 693, 4102, 1716, 1063, 537, 3418, 1306, 2349, 3337, 259, 75, 1510, 2597, 2239, 2548, 1789, 2565, 3040, 2188, 2682, 4349, 3878, 4147, 1094, 3438, 4138, 525, 4275, 4625, 3940, 4842, 3655, 2251, 1620, 2069, 3627, 4072, 247, 890, 4306, 823, 3409, 1837, 541, 544, 1629, 3541, 4831, 947, 3349, 538, 3301, 622, 4247, 2023, 2840, 4141, 4463, 92, 2260, 3961, 4786, 3184, 2789, 532, 3869, 499, 208, 4028, 558, 848, 3543, 1955, 3750, 3753, 4643, 4250, 77, 1566, 250, 4691, 1120, 2862, 368, 4425, 341, 4314, 2319, 1106, 3107, 1687, 3755, 4205, 3654, 4959, 4260, 4109, 1079, 3511, 3584, 851, 1905, 2519, 261, 1898, 4136, 3329, 2647, 3705, 4819, 4396, 2526, 3523, 4715, 2653, 4423, 4584, 4212, 865, 2868, 3352, 1036, 39, 1572, 4174, 4930, 2433, 2420, 151, 4823, 2669, 2193, 3381, 3098, 1594, 1912, 1570, 2358, 276, 3347, 4978, 1927, 4438, 4865, 4785, 3327, 4523, 1136, 2321, 2250, 178, 4313, 1392, 3572, 2687, 1302, 4170, 861, 3243, 141, 3085, 1536, 358, 600, 1173, 120, 235, 3447, 4999, 550, 4887, 3175, 1953, 686, 577, 1884, 3070, 3682, 299, 985, 424, 136, 2285, 2508, 2787, 4855, 361, 4761, 4783, 2754, 2258, 4133, 2413, 770, 3139, 4510, 3253, 412, 886, 1412, 1316, 4687, 1187, 3909, 2450, 192, 2940, 385, 4496, 4471, 1430, 4486, 3210, 189, 4604, 3292, 2293, 845, 4194, 1425, 928, 491, 213, 4386, 4498, 3164, 2737, 1341, 2734, 4575, 731, 1750, 354, 3226, 1792, 4378, 3468, 3732, 1787, 3844, 436, 1343, 1801, 791, 4197, 3500, 4279, 934, 3974, 3155, 1483, 4270, 683, 1793, 4006, 4703, 3704, 2122, 2453, 4329, 113, 2364, 2939, 4796, 2423, 1493, 715, 1248, 2294, 4861, 4966, 3463, 981, 857, 3528, 195, 1050, 197, 599, 840, 2021, 4566, 2974, 3304, 1649, 3684, 3981, 747, 2952, 2869, 3795, 1038, 4526, 528, 2045, 2269, 2324, 2539, 2708, 4582, 4907, 377, 3597, 3513, 2322, 921, 2259, 2382, 636, 3595, 4384, 2991, 4339, 323, 987, 4067, 670, 4235, 3043, 3192, 1758, 98, 3359, 2672, 4613, 2161, 1008, 4554, 4553, 729, 145, 651, 4755, 4644, 2721, 3840, 1377, 2553, 4991, 3414, 854, 569, 169, 2917, 2824, 1557, 3592, 4993, 3454, 3321, 3150, 4332, 593, 3478, 4860, 2483, 2344, 2281, 1369, 1372, 3517, 3351, 2079, 3102, 3285, 3417, 4473, 3063, 4280, 2427, 1575, 3941, 3930, 4177, 1658, 2416, 4580, 3493, 1333, 2768, 4022, 4916, 619, 1468, 2513, 2264, 565, 4897, 4144, 3066, 2444, 1340, 72, 1981, 1911, 348, 4720, 1588, 4902, 2964, 4370, 1675, 3902, 574, 4049, 4877, 2720, 4648, 4309, 4547, 1290, 51, 3330, 2657, 733, 4239, 501, 4747, 3074, 329, 1142, 2035, 1702, 1460, 3328, 933, 333, 3504, 2390, 4988, 4789, 1672, 1895, 4641, 180, 4258, 3342, 4274, 4493, 4521, 1082, 2798, 3687, 3829, 2414, 3191, 3839, 3920, 3759, 562, 999, 11, 1016, 188, 3999, 1428, 1849, 3087, 123, 60, 1054, 1673, 603, 1717, 1941, 363, 4858, 2380, 1737, 3809, 2544, 2036, 3781, 667, 4129, 4740, 3360, 1803, 3291, 3206, 487, 1242, 2049, 1497, 3614, 641, 2212, 476, 402, 2599, 165, 3230, 210, 4171, 3783, 759, 2562, 2534, 343, 3596, 882, 4712, 3366, 2576, 1127, 4406, 1204, 2173, 3916, 3914, 2753, 2177, 2171, 1066, 84, 4840, 3692, 2995, 2864, 507, 1344, 119, 1146, 1481, 4472, 1007, 973, 4760, 4047, 3362, 1159, 1633, 3977, 4469, 132, 3312, 3092, 2377, 4724, 2028, 1854, 2097, 3782, 1622, 1161, 3197, 4807, 4592, 2367, 659, 4838, 3124, 825, 1784, 3377, 889, 668, 1393, 4244, 3024, 488, 3103, 589, 3284, 4608, 1139, 3942, 4726, 945, 1964, 139, 3308, 3560, 2489, 287, 2774, 1476, 2637, 1342, 34, 645, 4013, 1205, 2186, 4762, 4696, 3277, 4622, 1240, 3537, 4671, 905, 4538, 2715, 3076, 144, 4286, 2336, 4922, 4341, 1464, 1027, 3117, 1130, 4888, 3208, 3538, 3372, 4507, 4704, 3222, 4120, 4508, 1715, 2333, 1201, 1880, 2819, 3638, 1864, 492, 606, 3426, 1194, 2201, 2502, 2320, 1151, 3832, 3492, 690, 1045, 4052, 2711, 4873, 4262, 3305, 3719, 1925, 3542, 1844, 2638, 4670, 4073, 1288, 802, 1861, 4393, 3803, 2374, 1177, 479, 4455, 873, 4431, 2778, 2490, 1833, 3027, 1058, 4334, 1548, 1274, 3160, 3602, 3601, 2148, 2843, 1901, 531, 1150, 4818, 1125, 1478, 1870, 3099, 4046, 1529, 1241, 2232, 1515, 415, 4362, 2114, 2352, 1031, 4906, 3521, 3894, 1651, 2449, 1613, 4735, 2969, 2169, 1850, 373, 4601, 1071, 231, 225, 3589, 3422, 3900, 65, 138, 983, 4741, 4801, 4607, 