E_unit,R_unit,E_mae,E_rmse,E_sse,E_max_abs_err,F_mae,F_rmse,F_sse,F_max_abs_err
kcal/mol,Angstrom,0.011743237166042942,0.017626294579125186,0.6213725211801959,0.09488803941816978,0.01419495797555151,0.024660824689769118,65.68087763298888,0.543884341611871
