{
    "model": {
        "sigma": 761.2672103311315,
        "n_symm": 12
    },
    "testing": {
        "n_test": 2800,
        "energy": {
            "mae": 0.022920397105230483,
            "rmse": 0.03548071108764384
        },
        "force": {
            "mae": 0.01964769861493464,
            "rmse": 0.03460348359270788
        }
    },
    "validation": {
        "sigmas": [ 2.0, 25.0, 50.0, 100.0, 200.0, 300.0, 400.0, 500.0, 700.0, 900.0, 731.8173308677424, 569.7631401683383, 820.8799620471475, 733.8722735631716, 582.7834640328693, 572.6945828796262, 858.2548349198526, 514.5988724440125, 712.743773518755, 666.6019673172145, 781.6100006324473, 628.742476041688, 761.2672103311315, 879.4492410804585, 801.9172524435442, 647.9213379891056, 839.4348860332918, 608.3043618101533, 683.2749664266806, 749.4940564012668 ],
        "losses": [ 0.00014414772626300583, 0.00012922778539218785, 0.00012989551655715771, 0.00012984690801328495, 0.00012861670923610907, 0.00012721063765250363, 0.0001246215380072042, 0.0001215145221181508, 0.00011790145049193277, 0.0001186077473661049, 0.00011776830869183615, 0.00011971246405319516, 0.00011793213997002302, 0.00011776392698965208, 0.0001194363455696279, 0.00011964872878211162, 0.00011819912522949498, 0.00012109878703583957, 0.00011783457586401854, 0.00011816569642899565, 0.0001177710004214514, 0.00011863022958934265, 0.00011774049618786947, 0.00011839276584585547, 0.00011783761512791919, 0.00011837193922040315, 0.00011805146963436975, 0.00011895530692932522, 0.00011801799134174733, 0.000117741087004633 ],
        "force": {
            "mae": [ 0.027296688250332372, 0.023980366811125187, 0.024348737642103345, 0.0245742739589776, 0.02443391355326747, 0.02405052385153145, 0.02347686414811865, 0.022898334497484952, 0.02229568900648643, 0.022376920938964744, 0.02227116018209382, 0.022588067571980446, 0.0222841158928599, 0.022270225141085072, 0.022541980386741777, 0.022577403611194674, 0.022320105246399442, 0.022825109422271284, 0.022283897303209864, 0.02233814736388296, 0.02226455656787971, 0.02241141324102963, 0.022262570030712865, 0.02234702744330688, 0.02227209211652099, 0.022370813891277472, 0.022299856018130663, 0.022463354901972456, 0.022314678506375547, 0.02226424901121966 ],
            "rmse": [ 0.0471504528742949, 0.04488607403534966, 0.045054462787482846, 0.045125643873574824, 0.04496594930737763, 0.04464231165214419, 0.04400082016583997, 0.043240506997602644, 0.04220947350415369, 0.041945369154965065, 0.042124814064629916, 0.0427812922789708, 0.041981185148268485, 0.0421200883536467, 0.042706828864820634, 0.04276415653033006, 0.041955238245499474, 0.04313698802105174, 0.042173157672415064, 0.04232010178520788, 0.04202919459135588, 0.04247501908799785, 0.042063198994213305, 0.04194777917988728, 0.04200148120769266, 0.04239247808559136, 0.04196594607797796, 0.04257199585576396, 0.042262046097157446, 0.04208586948541102 ]
        },
        "energy": {
            "mae": [ 0.027021749871126044, 0.020570146073626318, 0.02077286459092986, 0.020749861962455995, 0.020446017795037845, 0.02062942624212951, 0.021268509162167448, 0.02219739325800765, 0.0245465463292785, 0.02736201600066943, 0.024995964139689023, 0.022906546912048725, 0.02625833542653163, 0.025025244559128624, 0.023046923979232817, 0.022939038765885926, 0.026775015174436704, 0.022341993134345102, 0.02472739692369396, 0.02408313053209895, 0.025709457047430988, 0.023581834621803865, 0.02541651251204894, 0.02707217541764203, 0.02599594318417985, 0.023831564111587794, 0.02651674761744107, 0.023337154658971484, 0.02431387498217191, 0.02524712176387584 ],
            "rmse": [ 0.04542966887172353, 0.04158929447936828, 0.041379992546060396, 0.04088742058889863, 0.0403570294810588, 0.04061030849549688, 0.04130614084445059, 0.041999996872816754, 0.0434988157793429, 0.04567551368339701, 0.0438006593350557, 0.04246471632745276, 0.04474362853507226, 0.04382090082843098, 0.04255591018910856, 0.04248555534449575, 0.04517510609311086, 0.042096346576550606, 0.04361747467662933, 0.04320439282009584, 0.04431107270624521, 0.04289631466185424, 0.0440968770470744, 0.04542720716222906, 0.044531677156228765, 0.043048597069017584, 0.04495589339680627, 0.042740866053765744, 0.04334892692720261, 0.043977213527787024 ]
        },